,0.0,0.01,0.02,0.03,0.04,0.05,0.06,0.07,0.08,0.09,0.1,0.11,0.12,0.13,0.14,0.15,0.16,0.17,0.18,0.19,0.2,0.21,0.22,0.23,0.24,0.25,0.26,0.27,0.28,0.29,0.3,0.31,0.32,0.33,0.34,0.35000000000000003,0.36,0.37,0.38,0.39,0.4,0.41000000000000003,0.42,0.43,0.44,0.45,0.46,0.47000000000000003,0.48,0.49,0.5,0.51,0.52,0.53,0.54,0.55,0.56,0.5700000000000001,0.58,0.59,0.6,0.61,0.62,0.63,0.64,0.65,0.66,0.67,0.68,0.6900000000000001,0.7000000000000001,0.71,0.72,0.73,0.74,0.75,0.76,0.77,0.78,0.79,0.8,0.81,0.8200000000000001,0.8300000000000001,0.84,0.85,0.86,0.87,0.88,0.89,0.9,0.91,0.92,0.93,0.9400000000000001,0.9500000000000001,0.96,0.97,0.98,0.99
10,0.1586574978298611,0.3246101165811221,0.3671301214231385,0.35065921644369763,0.32994454767968917,0.3020816014872657,0.27067917668157154,0.2357255278362168,0.20214400481846598,0.17064658800760904,0.1439363600479232,0.12320527827574147,0.10783174406323168,0.0940056045850118,0.0844221684253878,0.07704139262851742,0.0707281841379073,0.06277555817117293,0.0528184246375329,0.04810486583867007,0.03673560213711527,0.026930959636552468,0.020463472361572914,0.015904786453271907,0.011364221521135833,0.008531922383958267,0.005645533532111181,0.003984702731637905,0.002137550359798802,0.0006790480628195736,0.00033240831301858026,0.0,0.0,0.0,0.0,0.0,0.0,0.0,0.0,0.0,0.0,0.0,0.0,0.0,0.0,0.0,0.0,0.0,0.0,0.0,0.0,0.0,0.0,0.0,0.0,0.0,0.0,0.0,0.0,0.0,0.0,0.0,0.0,0.0,0.0,0.0,0.0,0.0,0.0,0.0,0.0,0.0,0.0,0.0,0.0,0.0,0.0,0.0,0.0,0.0,0.0,0.0,0.0,0.0,0.0,0.0,0.0,0.0,0.0,0.0,0.0,0.0,0.0,0.0,0.0,0.0,0.0,0.0,0.0,0.0
20,0.1586574978298611,0.37152251104513806,0.3564029907186826,0.33919138295782936,0.320362851023674,0.2985867005255487,0.27437378962834674,0.24656115762061542,0.2176805701520708,0.18933694975243676,0.16407930437061521,0.14356334424681133,0.12681329602168667,0.11275442213647896,0.10297528550856644,0.09374210983514786,0.08457549433741304,0.07595505793061522,0.06866514744857947,0.06048567117088371,0.05012211332925492,0.0430733100252433,0.03543161432672706,0.031038482738141384,0.025935557373385463,0.02169145247252244,0.016372155611558508,0.012572093582194712,0.01004339167330828,0.0070971833386768894,0.005074730763832728,0.0026872121315035555,0.0009185184155487352,0.0006029010336432192,0.00042557718956636056,0.00031928480085399415,0.0002838087061213122,0.00017738044779333804,0.0001419043530606561,7.095217653032806e-05,3.547608826516403e-05,0.0,0.0,0.0,0.0,0.0,0.0,0.0,0.0,0.0,0.0,0.0,0.0,0.0,0.0,0.0,0.0,0.0,0.0,0.0,0.0,0.0,0.0,0.0,0.0,0.0,0.0,0.0,0.0,0.0,0.0,0.0,0.0,0.0,0.0,0.0,0.0,0.0,0.0,0.0,0.0,0.0,0.0,0.0,0.0,0.0,0.0,0.0,0.0,0.0,0.0,0.0,0.0,0.0,0.0,0.0,0.0,0.0,0.0,0.0
30,0.1586574978298611,0.37547772708866334,0.3669663618008296,0.3537998977634642,0.3377619046303961,0.3167872561348809,0.29060015827417374,0.26419372939401203,0.23668988959656823,0.21132936163081062,0.18646873906254768,0.1675006602373388,0.15092726548512778,0.13814851020773253,0.1272268160763714,0.11618913875685798,0.10493742095099555,0.09454988460573885,0.08633377972162432,0.07763880077335569,0.0678239577035937,0.062126401035736,0.05418696233795749,0.04448012314322922,0.03708481480781403,0.027194228100900848,0.021676356606702838,0.016628448334005144,0.013123665988031361,0.009884927059627242,0.006874176259669993,0.004497983260080218,0.003710972080524597,0.0026644731664823163,0.0020304159519986976,0.0012354955413482254,0.0009560229049788581,0.0006375518213543627,0.0005319715063605043,0.0004965067427191469,0.00042557718956636056,0.0003547608955866761,0.0002838087061213122,0.0002128565295909842,0.0001064282647954921,0.0001064282647954921,0.0001064282647954921,3.547608826516403e-05,3.547608826516403e-05,0.0,0.0,0.0,0.0,0.0,0.0,0.0,0.0,0.0,0.0,0.0,0.0,0.0,0.0,0.0,0.0,0.0,0.0,0.0,0.0,0.0,0.0,0.0,0.0,0.0,0.0,0.0,0.0,0.0,0.0,0.0,0.0,0.0,0.0,0.0,0.0,0.0,0.0,0.0,0.0,0.0,0.0,0.0,0.0,0.0,0.0,0.0,0.0,0.0,0.0,0.0
40,0.1586574978298611,0.373443356818623,0.36231684850321877,0.34935733262035584,0.33087553994523156,0.3121294246779548,0.28910132828685975,0.26513850771718556,0.241502545773983,0.21985125210550097,0.1974228098988533,0.17678800928923818,0.16067667553822199,0.14277440764837795,0.13025656052761608,0.11804954376485613,0.10574531989792983,0.0957554378029373,0.08622189900941318,0.07865407980150646,0.06898634115027057,0.06182253795365492,0.05643827188760042,0.048369541143377624,0.042830666009750634,0.03588106566005283,0.028355054039922025,0.019416932999673817,0.01584260716723899,0.011546295653614733,0.007162810380881031,0.006062681618560519,0.0048060019681644105,0.0035137106379907993,0.002846058070038756,0.001600111834704876,0.0011796023075779278,0.0010437323168540995,0.0008101968301667108,0.000496031768206093,0.000460600894358423,0.0003546476622836457,0.0002838087061213122,0.00024833261138863035,0.0001419043530606561,0.0001064282647954921,0.0001064282647954921,7.095217653032806e-05,3.547608826516403e-05,0.0,0.0,0.0,0.0,0.0,0.0,0.0,0.0,0.0,0.0,0.0,0.0,0.0,0.0,0.0,0.0,0.0,0.0,0.0,0.0,0.0,0.0,0.0,0.0,0.0,0.0,0.0,0.0,0.0,0.0,0.0,0.0,0.0,0.0,0.0,0.0,0.0,0.0,0.0,0.0,0.0,0.0,0.0,0.0,0.0,0.0,0.0,0.0,0.0,0.0,0.0
50,0.1586574978298611,0.37568411976099014,0.36484386109643513,0.3517687875363562,0.33314764085743165,0.3123730222384135,0.2902575433254242,0.2663562090860473,0.23998884856700897,0.2150058957437674,0.19262371295028263,0.17156634790201983,0.15711935940716001,0.1444382323986954,0.13055268323255909,0.11898484256946379,0.10684952253682746,0.09755175829761559,0.0908292807224724,0.0804683149067892,0.07536029919154114,0.0665940562935753,0.055598635588669114,0.04950457647080637,0.04195369381664528,0.036984986108210355,0.03146094326964683,0.024748359004863434,0.01904867191074623,0.013868224988174107,0.007800789963867929,0.005788132030930784,0.004712179561869966,0.004192863875586126,0.0034472607852270207,0.0029660003621959025,0.0029364239890128374,0.002355985084755553,0.002277409399135245,0.0021144034237497384,0.002083834985064136,0.0015988565153545803,0.0014308857628040845,0.0010349062892297904,0.0008595259342756537,0.0007562451323287354,0.0007587057900511556,0.0005467431878464089,0.0004771353107773595,0.0003714741776800818,0.00010639429739159014,7.092953375023272e-05,3.546476687511636e-05,0.0,0.0,0.0,0.0,0.0,0.0,0.0,0.0,0.0,0.0,0.0,0.0,0.0,0.0,0.0,0.0,0.0,0.0,0.0,0.0,0.0,0.0,0.0,0.0,0.0,0.0,0.0,0.0,0.0,0.0,0.0,0.0,0.0,0.0,0.0,0.0,0.0,0.0,0.0,0.0,0.0,0.0,0.0,0.0,0.0,0.0,0.0
60,0.1586574978298611,0.3783015078968472,0.3703573519984881,0.35867154681020313,0.345074030260245,0.32609926495287156,0.30634085420105195,0.28459810713926953,0.2623332250449393,0.24194031457106271,0.2208555754688051,0.20275448552436298,0.18656998376051584,0.17356961634423998,0.15774389853080115,0.14477445309360823,0.13398927305307654,0.12412209022376272,0.11452536719540755,0.1050857642872466,0.09575658126009835,0.08755109016783535,0.07694858271214697,0.07017669032534792,0.057329218187886805,0.045750422946487866,0.03379384567961097,0.026444672969066434,0.020453324243943725,0.015085039349893728,0.01201993723710378,0.00886174901905987,0.0077298903423878886,0.00567441713064909,0.00491446440315081,0.0037100575605614316,0.002800002642389801,0.002329093624009854,0.0016847234219312668,0.0013950066640973091,0.0012375606327421134,0.0008508148861842023,0.0008182259949131145,0.00047358060773048137,0.00023692557846920358,0.00010625863473655449,0.00010632642079144716,7.090689743765526e-05,3.547608826516403e-05,0.0,0.0,0.0,0.0,0.0,0.0,0.0,0.0,0.0,0.0,0.0,0.0,0.0,0.0,0.0,0.0,0.0,0.0,0.0,0.0,0.0,0.0,0.0,0.0,0.0,0.0,0.0,0.0,0.0,0.0,0.0,0.0,0.0,0.0,0.0,0.0,0.0,0.0,0.0,0.0,0.0,0.0,0.0,0.0,0.0,0.0,0.0,0.0,0.0,0.0,0.0
70,0.1586574978298611,0.3765910416841507,0.3671603302160899,0.3558247917228275,0.3406238696641392,0.32338590837187237,0.30186157756381565,0.2761433811651336,0.25087419317828286,0.226573023531172,0.20615450334217814,0.18945376409424675,0.17350837795270813,0.16172574212153754,0.14661487709316942,0.1342773741732041,0.12160833676656087,0.11026902144981755,0.09923046392699082,0.0895282363312112,0.08070461607227723,0.07044774335291651,0.06150187417450878,0.052906547776526876,0.04265668957183758,0.03581503085378143,0.03050190696699752,0.025841394025418494,0.020893047977652814,0.015204519913014438,0.012655314989387989,0.009132585578805042,0.006996691149349014,0.006210076131133569,0.0046051919149855776,0.003864146510346068,0.0036771551240235567,0.0031996098243527943,0.003039714466366503,0.0026797516426692405,0.0022417103302561575,0.001654909600296782,0.0013864149287756947,0.0009280661728957461,0.0006011880371564379,0.0004622515763104376,0.00029874993035466306,0.0,0.0,0.0,0.0,0.0,0.0,0.0,0.0,0.0,0.0,0.0,0.0,0.0,0.0,0.0,0.0,0.0,0.0,0.0,0.0,0.0,0.0,0.0,0.0,0.0,0.0,0.0,0.0,0.0,0.0,0.0,0.0,0.0,0.0,0.0,0.0,0.0,0.0,0.0,0.0,0.0,0.0,0.0,0.0,0.0,0.0,0.0,0.0,0.0,0.0,0.0,0.0,0.0
80,0.1586574978298611,0.3764255659447776,0.37036042991611695,0.3597478402985467,0.34445973402924007,0.3263571452763345,0.3071227760778533,0.2843360967106289,0.2606552475028568,0.23798415147595936,0.2191113755106926,0.2019400050242742,0.18695577275421885,0.17337714383999506,0.16144394874572754,0.1504516282843219,0.13777440579401123,0.12841166659361786,0.11686991527676582,0.10395451945563157,0.09159533845053779,0.08306261772910754,0.0749557518089811,0.06433779808382194,0.05537110168693794,0.0465360391471121,0.03734513033284909,0.029596952385165624,0.022363024013530877,0.01723470082247837,0.012704895692877471,0.008966785234709581,0.0066838871377209825,0.004648466387556659,0.0036721817321247524,0.0027776571611563363,0.0021691388812743956,0.0017885580762392944,0.0011941885782612695,0.0009206578122555382,0.0006766507867723703,0.00045524340950780443,0.00035198102705180645,0.00031650495818919607,0.00028102886345651414,0.00028102886345651414,0.0002455527687238322,0.00021007668692618608,0.00021007668692618608,0.0001064282647954921,0.0001064282647954921,0.0001064282647954921,7.095217653032806e-05,3.547608826516403e-05,0.0,0.0,0.0,0.0,0.0,0.0,0.0,0.0,0.0,0.0,0.0,0.0,0.0,0.0,0.0,0.0,0.0,0.0,0.0,0.0,0.0,0.0,0.0,0.0,0.0,0.0,0.0,0.0,0.0,0.0,0.0,0.0,0.0,0.0,0.0,0.0,0.0,0.0,0.0,0.0,0.0,0.0,0.0,0.0,0.0,0.0
90,0.1586574978298611,0.37722547849019367,0.369275092250771,0.35666850292020374,0.3410034519102838,0.3203137103054259,0.2971600616971652,0.27333616465330124,0.25200727416409385,0.2301390990614891,0.20974717951483196,0.19201340195205477,0.17833523576458296,0.16523454669449064,0.15087748650047514,0.14170343966947663,0.1315313639740149,0.12086787178284591,0.1085585986988412,0.09851729228264755,0.09123802764548196,0.08345818343675798,0.07362362556159496,0.06569004120926063,0.054414094529218145,0.04426912280420462,0.035557509089509644,0.03005152544938028,0.024554520211596455,0.020651153961403504,0.015285563034315905,0.011167401758333048,0.009022564213309024,0.0074031307077449225,0.005864394557041426,0.004659606997544567,0.003973495473878251,0.0033200577987978854,0.002784217914773358,0.0020944493201871714,0.0015252969848612945,0.0010652307860760225,0.000636110716085467,0.0004942969082751208,0.0002826018996226291,0.00021178555390280153,0.0001419043530606561,0.0001064282647954921,3.547608826516403e-05,0.0,0.0,0.0,0.0,0.0,0.0,0.0,0.0,0.0,0.0,0.0,0.0,0.0,0.0,0.0,0.0,0.0,0.0,0.0,0.0,0.0,0.0,0.0,0.0,0.0,0.0,0.0,0.0,0.0,0.0,0.0,0.0,0.0,0.0,0.0,0.0,0.0,0.0,0.0,0.0,0.0,0.0,0.0,0.0,0.0,0.0,0.0,0.0,0.0,0.0,0.0
100,0.1586574978298611,0.37555502272314495,0.36728595445553464,0.3552577553523911,0.34103628247976303,0.32255497988727355,0.3039243444800377,0.28082233170668286,0.255377563337485,0.2330335337254736,0.21034498347176445,0.19277371962865195,0.17640100171168646,0.1628325738840633,0.15206775814294815,0.1415312397811148,0.1342481341626909,0.1240202428566085,0.11494873753852314,0.10607497973574533,0.09793142819156249,0.08865130811722742,0.078716818553706,0.07181450434856945,0.06506351823918521,0.05615522846993473,0.04956528356867946,0.04281250039477729,0.0378173764458754,0.03271709410344354,0.02697930415160954,0.024020030835850373,0.021071570640843775,0.01869300186323623,0.01734098062540094,0.015395942797315203,0.014581105303174505,0.014542134181182418,0.012414381632374393,0.010973777492634125,0.010340784857463505,0.008651987597760227,0.006774014043104317,0.005024190474715497,0.003525022042190863,0.0022323057314174045,0.0015377813769090506,0.001475621189456433,0.0007007781597268251,3.544214026381572e-05,0.0,0.0,0.0,0.0,0.0,0.0,0.0,0.0,0.0,0.0,0.0,0.0,0.0,0.0,0.0,0.0,0.0,0.0,0.0,0.0,0.0,0.0,0.0,0.0,0.0,0.0,0.0,0.0,0.0,0.0,0.0,0.0,0.0,0.0,0.0,0.0,0.0,0.0,0.0,0.0,0.0,0.0,0.0,0.0,0.0,0.0,0.0,0.0,0.0,0.0
110,0.1586574978298611,0.3774418979883194,0.370993558731344,0.3631847749153773,0.34877681814961964,0.3302387156420284,0.3079439310563935,0.28738437758551705,0.2639070625106494,0.24367792987161213,0.22346843944655526,0.20431805691785282,0.1880664692984687,0.17457026408778298,0.16388728759355015,0.15294359024200174,0.14408020509613884,0.13608050077325767,0.12752310807506242,0.11901445272896025,0.10927203990932968,0.0971322458030449,0.0893175680604246,0.08145759808313516,0.06992531526419851,0.06266646345870362,0.05439980778222283,0.047761441518863045,0.039107525100310646,0.032215763400826186,0.025583958874146145,0.02281236079417997,0.01855492463801056,0.016672300045481987,0.014030238070214788,0.01336945267394185,0.01290585367112524,0.01279616218784617,0.012398438709270623,0.010767560452222824,0.010131498281326558,0.008943322243996792,0.008698998627045916,0.008595574233267043,0.0058904665315316785,0.003341563252939118,0.001999304429369254,0.0018973081476158565,0.00020146714006033208,9.521089183787505e-05,9.521089183787505e-05,0.0,0.0,0.0,0.0,0.0,0.0,0.0,0.0,0.0,0.0,0.0,0.0,0.0,0.0,0.0,0.0,0.0,0.0,0.0,0.0,0.0,0.0,0.0,0.0,0.0,0.0,0.0,0.0,0.0,0.0,0.0,0.0,0.0,0.0,0.0,0.0,0.0,0.0,0.0,0.0,0.0,0.0,0.0,0.0,0.0,0.0,0.0,0.0,0.0
120,0.1586574978298611,0.3769260206156307,0.36912306646505993,0.3611256678899129,0.3509175471133656,0.3356271940800879,0.3205517042014334,0.3009340713421504,0.2798308382431666,0.25911275628540253,0.23969315240780512,0.21927525682581794,0.20236802515056398,0.18503453913662168,0.16979635258515677,0.15898607712652948,0.14814390738805136,0.1382724760721127,0.12800778158836895,0.11593773009048568,0.10481367901795441,0.09514935283611219,0.08618858880880806,0.07851784034735626,0.0709686798767911,0.06335409896241294,0.0544115103677743,0.048323261085897684,0.04221263429563907,0.036889343781189785,0.03143672231170866,0.026370938039488263,0.022635759475330513,0.020274376910593774,0.018999145857782826,0.01783042996087008,0.01468646773395853,0.013346510771144595,0.011912172136362642,0.007887275016400963,0.006640277182062467,0.006158836664528483,0.004375528000916044,0.003955353853396243,0.003093572954336802,0.002498665824532509,0.0019844373196570408,0.0013178523319462936,0.0011072255826244752,0.000660598510876298,0.0004955503391101956,0.00042459817551490333,0.0003891220807822214,0.00024833261138863035,0.0001064282647954921,0.0001064282647954921,0.0001064282647954921,3.547608826516403e-05,0.0,0.0,0.0,0.0,0.0,0.0,0.0,0.0,0.0,0.0,0.0,0.0,0.0,0.0,0.0,0.0,0.0,0.0,0.0,0.0,0.0,0.0,0.0,0.0,0.0,0.0,0.0,0.0,0.0,0.0,0.0,0.0,0.0,0.0,0.0,0.0,0.0,0.0,0.0,0.0,0.0,0.0
130,0.1586574978298611,0.37383794370624757,0.3679169863462448,0.3587932479050424,0.3460003344549073,0.33230818725294536,0.3136337664392259,0.2936909836199548,0.27391209453344345,0.2567627239558432,0.24261490379770598,0.22974569433265263,0.2152528204023838,0.19980793363518184,0.18642969553669295,0.174682785032524,0.16088471002876759,0.14970693530307877,0.1398609677950541,0.1303908671769831,0.12297174086173375,0.11540820284022225,0.10578958948867188,0.0961571213685804,0.08597129459182422,0.07489275218298037,0.06633331916398472,0.0590395494364202,0.05207110781015621,0.044680078306959733,0.038783162340728775,0.03407739599545797,0.0305937502740158,0.02788122148356504,0.025058790782673493,0.02327747389467226,0.020813752793603472,0.01759681607493096,0.015537330039983822,0.014183425318656696,0.011583225077225102,0.010267395603780946,0.008472860299257768,0.00661285141379469,0.0056917160335514284,0.0037939787790593174,0.002394104867966639,0.0019974370370619,0.0016781899677072135,0.0013593374816183415,0.0009689272911701766,0.0005439251674235695,0.00043891771282586787,0.0004034416310282217,0.0002371969037792749,0.00020172081551411084,7.095217653032806e-05,7.095217653032806e-05,3.547608826516403e-05,3.547608826516403e-05,0.0,0.0,0.0,0.0,0.0,0.0,0.0,0.0,0.0,0.0,0.0,0.0,0.0,0.0,0.0,0.0,0.0,0.0,0.0,0.0,0.0,0.0,0.0,0.0,0.0,0.0,0.0,0.0,0.0,0.0,0.0,0.0,0.0,0.0,0.0,0.0,0.0,0.0,0.0,0.0
140,0.1586574978298611,0.3784625165992313,0.37463559707005817,0.3667472021447288,0.3552986259261767,0.339966523150603,0.32151610652605694,0.30359145005544025,0.2809360954496596,0.25997096714046264,0.2421550506518947,0.22434592578146192,0.21161331194970343,0.20157710876729754,0.19435746802224052,0.18223506667547756,0.17199106638630232,0.164281219864885,0.15524066508644158,0.14466570866190726,0.13464533372057808,0.12563607852078146,0.11453082422829336,0.10364390764799383,0.09601551154628396,0.08406711690541771,0.07514396690142651,0.06749640638008714,0.057911771789400115,0.048658818679137364,0.04142525037362551,0.03547241231555947,0.030172847560606897,0.027359001435494672,0.023594013137173735,0.021715476927864883,0.020091063472338848,0.016045694860319298,0.013282713376813464,0.0119330868538883,0.010757191468858056,0.007848366370631589,0.006510286022805505,0.005580538262923558,0.0026590258348733187,0.0021051919191247886,0.0018294966365728113,0.0012580854947575265,0.0010490932488917476,0.0008005329808737668,0.0007308271403114001,0.00038445104534427327,0.00031358934938907623,0.00031358934938907623,0.00031362326505283516,0.00020729684426138797,0.00010364842213069399,0.0,0.0,0.0,0.0,0.0,0.0,0.0,0.0,0.0,0.0,0.0,0.0,0.0,0.0,0.0,0.0,0.0,0.0,0.0,0.0,0.0,0.0,0.0,0.0,0.0,0.0,0.0,0.0,0.0,0.0,0.0,0.0,0.0,0.0,0.0,0.0,0.0,0.0,0.0,0.0,0.0,0.0,0.0
150,0.15865753673844868,0.37431783477465314,0.3674752910931905,0.3583977214164204,0.3441360592842102,0.3266840668188201,0.30385053737296,0.28351399136914146,0.2593590584066179,0.24045236905415854,0.22256908896896574,0.2077125617199474,0.1931538465950224,0.18078116120563614,0.1700365108748277,0.16072199762695366,0.15150553795198599,0.14295388220085037,0.13275125063955784,0.12065886995858616,0.11173261433011955,0.104069660935137,0.09346565035068327,0.08624517245011197,0.07854227835519446,0.07074028998613358,0.061870694005241,0.052828381976319685,0.0472988560795784,0.041660435730591416,0.034835115954693824,0.03192273324303743,0.029097539916013677,0.026783124103935227,0.025454051870231826,0.01875811842425416,0.015928993622461956,0.014015984242885478,0.01204709508197589,0.01056035346765485,0.009760162405048808,0.008015376877867512,0.006422743938552837,0.004928052373644378,0.0037632514593294924,0.0035262738949515754,0.0028768878223167527,0.0025170951848849654,0.002333922932545344,0.0019813683660080037,0.0018298466845105092,0.00167969874261568,0.0013650669328247507,0.0009491620132596128,0.0008192548476573494,0.0007243804349046615,0.00038117020287447504,0.0002858776392208205,9.529255071861876e-05,9.529255071861876e-05,9.529255071861876e-05,0.0,0.0,0.0,0.0,0.0,0.0,0.0,0.0,0.0,0.0,0.0,0.0,0.0,0.0,0.0,0.0,0.0,0.0,0.0,0.0,0.0,0.0,0.0,0.0,0.0,0.0,0.0,0.0,0.0,0.0,0.0,0.0,0.0,0.0,0.0,0.0,0.0,0.0,0.0
160,0.1586574978298611,0.3782014391488499,0.3737749556700389,0.3672066918677754,0.35696861147880554,0.34131284885936314,0.32105224910709595,0.30057616035143536,0.2790287319156859,0.2581734350985951,0.2389867781764931,0.2216475750837061,0.20509830903675821,0.18930903491046694,0.17517068485418955,0.16173556757469973,0.15200778676403892,0.1420270779894458,0.13169941161241797,0.12311179459922844,0.11480857328408295,0.10775534042881595,0.09931616640339296,0.09088264912780789,0.08457919758641058,0.07682201649165815,0.07022714521735907,0.06224091568340858,0.05756690979210867,0.05293355080195599,0.04457747139450577,0.04179403563547465,0.03706838806263275,0.034153452763954796,0.0319032616680488,0.03054272269623147,0.02625094840510024,0.02520653900379936,0.02107404565645589,0.01733032126341843,0.013069806691621326,0.010679180733859539,0.008050492757724391,0.0049956899343265426,0.0037017977123873103,0.0031690852095683417,0.002596599412047201,0.0013103121762267416,0.0012398450441348057,0.001027429922639082,0.000992259560411589,0.0007804739806387159,0.0005676174122426244,0.0004966652227772607,0.0004257130591819684,0.00024833261138863035,0.0001419043530606561,7.095217653032806e-05,3.547608826516403e-05,3.547608826516403e-05,0.0,0.0,0.0,0.0,0.0,0.0,0.0,0.0,0.0,0.0,0.0,0.0,0.0,0.0,0.0,0.0,0.0,0.0,0.0,0.0,0.0,0.0,0.0,0.0,0.0,0.0,0.0,0.0,0.0,0.0,0.0,0.0,0.0,0.0,0.0,0.0,0.0,0.0,0.0,0.0
170,0.1586574978298611,0.37772348523139954,0.3731541857123375,0.36753641482856536,0.3566887478033702,0.34306035935878754,0.32905950480037266,0.3118135059873263,0.2892909430795246,0.26996049533287686,0.25188322530852425,0.235496845924192,0.21863958487908045,0.2016143745018376,0.18555807467136118,0.17273357551958826,0.16066504269838333,0.14920144507454502,0.1401719773809115,0.13013152012394535,0.12051947746011946,0.1096112545993593,0.1008007519154085,0.0933604615016116,0.08595506908992927,0.07811076338920328,0.07173043396323919,0.06564415701561505,0.0602243873808119,0.05423801392316818,0.050686168380909495,0.045274615158430405,0.04187432893862327,0.040186940795845456,0.03773649239964369,0.037328077376716666,0.03432381678269141,0.03356710036233482,0.030060461049692497,0.028496813029050827,0.027432325192623667,0.024885320104658604,0.024847961289601192,0.021471902521120176,0.0203858933204578,0.018835920840501785,0.018735330500122573,0.01874623980580105,0.015418386643028094,0.015284001891915169,0.012732786546823464,0.01262864855945938,0.00977770770744731,0.006643355552417536,0.006608525420435601,0.005364196530232827,0.005387403070926666,0.0,0.0,0.0,0.0,0.0,0.0,0.0,0.0,0.0,0.0,0.0,0.0,0.0,0.0,0.0,0.0,0.0,0.0,0.0,0.0,0.0,0.0,0.0,0.0,0.0,0.0,0.0,0.0,0.0,0.0,0.0,0.0,0.0,0.0,0.0,0.0,0.0,0.0,0.0,0.0,0.0,0.0,0.0
180,0.1586574978298611,0.3773447068201171,0.37111348658800125,0.36369917045036954,0.3510109666321013,0.33716633419195813,0.32059089839458466,0.299934564365281,0.27841222451792824,0.25769677178727257,0.23723852220508787,0.22062254779868656,0.20508555902375114,0.19277294932140243,0.18187570778859985,0.1707353906499015,0.16108145233657625,0.15293877944350243,0.14595206350915962,0.13643201792405713,0.1285350869099299,0.1190042614729868,0.11129320775055224,0.10241454115344419,0.09256192850362924,0.08342213356970912,0.07591199026339585,0.06905776096714868,0.06471121611280574,0.05658437363389465,0.04993858669574062,0.046467528574996524,0.04253112788622578,0.03788621092422141,0.03530450302383138,0.031057660959454045,0.02594637991084407,0.023766653689866264,0.021789025618798204,0.014879998544024097,0.01304419090350469,0.011640864424407482,0.009725441017912494,0.008015753714264266,0.0061565883871581815,0.004308115225285292,0.002700907385183705,0.0025750714250736767,0.001349956418077151,0.0006175322147707144,0.0005114314392105573,0.00024504058658041887,0.00010527817842861016,0.00010527817842861016,6.988120084214542e-05,6.988120084214542e-05,6.988120084214542e-05,6.988120084214542e-05,0.0,0.0,0.0,0.0,0.0,0.0,0.0,0.0,0.0,0.0,0.0,0.0,0.0,0.0,0.0,0.0,0.0,0.0,0.0,0.0,0.0,0.0,0.0,0.0,0.0,0.0,0.0,0.0,0.0,0.0,0.0,0.0,0.0,0.0,0.0,0.0,0.0,0.0,0.0,0.0,0.0,0.0
190,0.1586574978298611,0.3757960713571972,0.36795543548133636,0.3576645279924075,0.34435248043802047,0.3288562496503194,0.3107937400539716,0.2905006955067317,0.26832416984770036,0.24871250738700232,0.2310829713112778,0.21460212022066116,0.19875329070621067,0.18480838586886725,0.1704876348376274,0.16131086730294758,0.1512161824438307,0.1415988848441177,0.13349302899506357,0.12668840628531244,0.11922077824258143,0.11158872375057803,0.10156652833231622,0.09451055392209026,0.08796964999702242,0.08006204007607368,0.07158130572901832,0.06498270047207673,0.058618590546151005,0.05435487933249937,0.04822074652959903,0.04316877558206519,0.03986027759189407,0.03333106481780609,0.02898626464108626,0.025119617477887206,0.021057706377986405,0.01881128743601342,0.016479856373431783,0.01345750438566837,0.01169786273708774,0.009661618051015668,0.007231849582037992,0.006523062035234438,0.005687690572813153,0.004367609560075734,0.003697312178297175,0.0028955021342780027,0.0015866327707448767,0.0008242479202130602,0.0007536818415650891,0.0005429181813572844,0.00030710574679283635,0.00016568897990509868,0.00016576994029391144,0.00016581519351651272,9.488565976627999e-05,9.496676244048608e-05,9.504800093256765e-05,9.512937524252468e-05,9.521089183787505e-05,9.521089183787505e-05,9.521089183787505e-05,9.529255071861876e-05,0.0,0.0,0.0,0.0,0.0,0.0,0.0,0.0,0.0,0.0,0.0,0.0,0.0,0.0,0.0,0.0,0.0,0.0,0.0,0.0,0.0,0.0,0.0,0.0,0.0,0.0,0.0,0.0,0.0,0.0,0.0,0.0,0.0,0.0,0.0,0.0
200,0.1586574978298611,0.3809388155738513,0.3791568817363845,0.3762446923388375,0.3695873866478602,0.35967304805914563,0.34631230930487317,0.32748103390137356,0.30769438793261844,0.28830287439955604,0.2651788608895408,0.24407657442821395,0.22590364350212944,0.20721451400054824,0.19051260128617287,0.17821337096393108,0.16323155971864858,0.15274985610610908,0.1413963987595505,0.1319214345680343,0.12491144984960556,0.11457101493659946,0.10448938659909698,0.09551832338588105,0.0869479284932216,0.0791456453088257,0.06964270667069489,0.06140549315346612,0.055486975548168026,0.04693702028857337,0.040224378204180136,0.03393036199526654,0.030122555067969695,0.025289991482471425,0.022454390819701884,0.019472289002603956,0.018012227904465463,0.016878904490214255,0.013898076088581648,0.010899773488442102,0.007001722464337945,0.005622451051345302,0.004463110481285387,0.0038021023178266156,0.00258803221448842,0.0018152876291424036,0.0012811497629930575,0.0005470511193076769,0.0002476210809416241,0.00010622477081293862,0.00010625863473655449,0.000106292518062724,0.000106292518062724,7.086167655264337e-05,7.090689743765526e-05,3.545344871882763e-05,3.546476687511636e-05,0.0,0.0,0.0,0.0,0.0,0.0,0.0,0.0,0.0,0.0,0.0,0.0,0.0,0.0,0.0,0.0,0.0,0.0,0.0,0.0,0.0,0.0,0.0,0.0,0.0,0.0,0.0,0.0,0.0,0.0,0.0,0.0,0.0,0.0,0.0,0.0,0.0,0.0,0.0,0.0,0.0,0.0,0.0
210,0.1586574978298611,0.3752029654052522,0.36957602285676533,0.35972310023175347,0.3458634482489692,0.3328629467222426,0.3142714657717281,0.2963205965028869,0.27801746792263454,0.2606836300757196,0.24496192319525611,0.22888966980907652,0.21442174745930564,0.2041648771199915,0.1979697909620073,0.19150649963153732,0.18332078556219736,0.17664662417438295,0.1692700023866362,0.16212827888213927,0.15365848835143778,0.148219405569964,0.1375911713888248,0.12869345055272183,0.1181886809774571,0.11063638376072049,0.10293104975587791,0.09664381493348628,0.08610068938125753,0.07668934031648354,0.0708686721433575,0.06657084492811312,0.059902111391743854,0.05432187135900474,0.04876449234628429,0.046012031483567424,0.03975717190446125,0.037880976089379854,0.030979997685386076,0.02664183721774154,0.022456381728665695,0.01835124401582612,0.013725126369131936,0.0118115429714736,0.008464450585759349,0.006200748909678724,0.003606956891922487,0.001666525986769961,0.0011680952350919445,0.0005473043873078293,0.0003503909877811869,9.28246558436917e-05,9.329228325643473e-05,9.344921111025744e-05,9.360666283302837e-05,9.368559242122703e-05,9.392317022300429e-05,0.0,0.0,0.0,0.0,0.0,0.0,0.0,0.0,0.0,0.0,0.0,0.0,0.0,0.0,0.0,0.0,0.0,0.0,0.0,0.0,0.0,0.0,0.0,0.0,0.0,0.0,0.0,0.0,0.0,0.0,0.0,0.0,0.0,0.0,0.0,0.0,0.0,0.0,0.0,0.0,0.0,0.0,0.0
220,0.1586574978298611,0.3794792542854945,0.37822576032744515,0.3713250383734703,0.36045655773745644,0.34587016536129844,0.32997838656107586,0.3107050566209687,0.28967345216208035,0.2709994585149818,0.25191860439048874,0.236244002978007,0.2212191600766447,0.20711388977037537,0.1926220709251033,0.1821009454627832,0.17406819491750664,0.16496716770860884,0.15596284593145052,0.1477674109240373,0.13976845352186096,0.13281175452801916,0.12436133643819226,0.11540501688917477,0.10733151725596851,0.09815083030197355,0.08854118527637587,0.0821976972122987,0.07417646422982216,0.062252736960848175,0.052528561972495585,0.042798836094637714,0.03714438403646151,0.03277434651843376,0.027652675648116402,0.02274682481462757,0.019333176444181137,0.015613568429317739,0.013466698272774616,0.01206924618842701,0.010477076983079314,0.009325728674108783,0.00765722961578932,0.006909942810630633,0.005870499674023854,0.004200899430240194,0.003461720202014678,0.0027858114982437757,0.0020080970005235737,0.0018493679429714878,0.0015042332427886624,0.0011086203157901764,0.0007364984549995926,0.0004818165066858961,0.00022139777946803305,0.0002218529504413406,0.00022251748790343603,7.072635667605532e-05,7.072635667605532e-05,0.0,0.0,0.0,0.0,0.0,0.0,0.0,0.0,0.0,0.0,0.0,0.0,0.0,0.0,0.0,0.0,0.0,0.0,0.0,0.0,0.0,0.0,0.0,0.0,0.0,0.0,0.0,0.0,0.0,0.0,0.0,0.0,0.0,0.0,0.0,0.0,0.0,0.0,0.0,0.0,0.0
230,0.1586574978298611,0.3791671337352859,0.3756364443235927,0.3715505169497596,0.36163709809382755,0.3505563843581412,0.3361048607362641,0.3206312300430404,0.3038608713282479,0.28676093618075055,0.2701432994670338,0.2536325794127252,0.23554690099424785,0.22199715011649662,0.20873475654257667,0.19867213898234898,0.18977313654290306,0.18030988921721777,0.17010973683661884,0.1650938205420971,0.15687403165631825,0.1492825233274036,0.14177177308334243,0.13218900726901162,0.1192283642788728,0.11024365036023988,0.10194569536381298,0.09412545358969106,0.0883880609439479,0.08194041748841603,0.07684234446949428,0.07121164910495281,0.06627249572840002,0.05963351567172342,0.05477717953423659,0.05043334037893348,0.04377058231168323,0.042291369651340775,0.0400329017235587,0.03858722272949914,0.02956766523938212,0.025460470312585432,0.024518148145741887,0.01848593695710103,0.01629175939079788,0.0148957675943772,0.011862291644016901,0.010502571860949198,0.009852819015375443,0.008327551858706607,0.0063901726259953445,0.006159765490641196,0.001808138318463332,0.001775497092037565,0.0015187093393049305,0.0013452712446451187,0.0009701129359503587,0.0005564148304983974,0.00039105740789737966,0.00016581941033817,0.00016600484701080454,0.00013061914877552126,9.521089183787505e-05,0.0,0.0,0.0,0.0,0.0,0.0,0.0,0.0,0.0,0.0,0.0,0.0,0.0,0.0,0.0,0.0,0.0,0.0,0.0,0.0,0.0,0.0,0.0,0.0,0.0,0.0,0.0,0.0,0.0,0.0,0.0,0.0,0.0,0.0,0.0,0.0,0.0
240,0.1586574978298611,0.37636470877461964,0.37066546496417785,0.3631437420845032,0.3517564609646797,0.338754581908385,0.3221002941330274,0.30107657776938546,0.2793306012948354,0.2610059554378192,0.24403294755352867,0.23142093668381372,0.22181188397937351,0.20829305342502064,0.1978539162211948,0.18908413789338535,0.1785483972893821,0.1708135503447718,0.16177035868167877,0.15248105799158415,0.14383092750277784,0.13222381845116615,0.12483691030906306,0.11644457280635834,0.10634501754409736,0.09683307694892089,0.08919079539676507,0.07967726948360603,0.07069240013758342,0.06504300935193896,0.05734986405716174,0.05197664655538069,0.04712062805063195,0.042358961059815355,0.0375334743099908,0.03311224695709017,0.029728750336087413,0.02664214124282201,0.021203272148138948,0.01795797748491168,0.015901092168254156,0.013391805269444982,0.011437201380936636,0.009475907388453683,0.008234273305990629,0.007384393027880126,0.006647416131777896,0.005250745401200321,0.0034602816061427197,0.0025321851458607447,0.0016882281116623846,0.001118896289780322,0.0006433886074874965,0.0005744679688682987,0.0001759200563861264,0.0001056189260755976,0.00010575295891612768,0.00010585370990965102,7.06813686216871e-05,7.074887657331096e-05,7.077140940560235e-05,7.081651387529241e-05,0.0,0.0,0.0,0.0,0.0,0.0,0.0,0.0,0.0,0.0,0.0,0.0,0.0,0.0,0.0,0.0,0.0,0.0,0.0,0.0,0.0,0.0,0.0,0.0,0.0,0.0,0.0,0.0,0.0,0.0,0.0,0.0,0.0,0.0,0.0,0.0,0.0,0.0
250,0.15865761041641235,0.37654732829994625,0.3691144718064202,0.35917067610555226,0.34767656442191863,0.33274546762307483,0.3175857505864567,0.30319937152995,0.2844570287399822,0.26682089103592765,0.25182938906881547,0.23621497882737053,0.21974869279397857,0.20647472846839163,0.19250065005487865,0.18140344942609468,0.17142092809081078,0.16061700052685207,0.1530003673914406,0.14264314621686935,0.13414773903787136,0.1232268452230427,0.11416345896820228,0.10384425624377197,0.09624202383889092,0.08642496965411636,0.07772829807880852,0.07024712425967057,0.06114030225823323,0.0540439939747254,0.04904628069036537,0.044822204030222364,0.039426959274957575,0.03679805499915448,0.033876161763651505,0.03102477743393845,0.029132827857716218,0.027032242570486333,0.022945377277210355,0.020030866739236645,0.01587992541802426,0.013403471339390509,0.011512679060817592,0.009766752029665642,0.008762007734427849,0.007729632391904791,0.006981484100429548,0.006412566070341402,0.00259589710428069,0.0022564108819804257,0.0018944706017565397,0.0016863801477787395,0.0014743749957738651,0.0010042129498389033,0.000579113231247498,0.00050869044692566,0.00033163038703302544,0.0003321178179855148,0.0002611882842352821,0.00026137396020607813,0.00026137396020607813,0.00022606118970240155,9.529255071861876e-05,9.529255071861876e-05,9.529255071861876e-05,9.529255071861876e-05,9.529255071861876e-05,9.529255071861876e-05,9.529255071861876e-05,0.0,0.0,0.0,0.0,0.0,0.0,0.0,0.0,0.0,0.0,0.0,0.0,0.0,0.0,0.0,0.0,0.0,0.0,0.0,0.0,0.0,0.0,0.0,0.0,0.0,0.0,0.0,0.0,0.0,0.0,0.0
260,0.1586574978298611,0.3764292523264885,0.37249136136637795,0.3653697909580337,0.35742416315608555,0.34497982760270435,0.32841041766934925,0.31190553141964805,0.292198835975594,0.2720780389176475,0.25449923757049775,0.23830619785520765,0.223078859763013,0.21191849600937632,0.2028909189005693,0.19636900081402725,0.18882376783423954,0.1808289678560363,0.17263232957985666,0.16378578771319655,0.15558925747043556,0.14761771530740792,0.13935191153238216,0.13157960627641943,0.12241392665439182,0.11526957340538502,0.1087409086111519,0.10251142933136886,0.09565190106837286,0.09111030358407232,0.08385480891188814,0.07892352756526735,0.07629181858566073,0.0717425470550855,0.06543468145860566,0.06238678780694803,0.05614829311768214,0.051609962661233216,0.0439208180954059,0.040104471147060394,0.035612639815857015,0.03152916694266929,0.029032666055071685,0.024611223799486954,0.022023681085556746,0.019133921738507018,0.014149629924860265,0.013300240414941477,0.009253530122805387,0.005879030925118261,0.004359675183271368,0.003234047985946139,0.002736091723717335,0.0024678208929900494,0.002037014657010635,0.0014479558449238539,0.0009248563243697087,0.0004025305000444253,0.0004029186028573248,7.036802384795414e-05,3.523980720072157e-05,3.5273367150997124e-05,0.0,0.0,0.0,0.0,0.0,0.0,0.0,0.0,0.0,0.0,0.0,0.0,0.0,0.0,0.0,0.0,0.0,0.0,0.0,0.0,0.0,0.0,0.0,0.0,0.0,0.0,0.0,0.0,0.0,0.0,0.0,0.0,0.0,0.0,0.0,0.0,0.0,0.0
270,0.15865755329529443,0.3799665677878592,0.3792240288522508,0.3753347280952666,0.36823877526654136,0.3555052578449249,0.33896303839153713,0.3171640493803554,0.29292618648873436,0.26912932842969894,0.24682645830843183,0.2269972413778305,0.21112830854124492,0.19471534176005256,0.18148539670639569,0.1718919629024135,0.16208425081438488,0.15120939993196064,0.14150533411237928,0.1328406205607785,0.12406728023456202,0.11584179641471969,0.10605945003529389,0.09903774327701992,0.09186775154537624,0.08291290897048181,0.0762201314792037,0.07097871534319387,0.0679089327653249,0.06524126583503352,0.06162093517680963,0.05685643802603914,0.04725217343204551,0.0412589154827098,0.03625746926344517,0.03166625687542061,0.028456482622358534,0.024903762956253357,0.022661909642111924,0.018829470668505464,0.017507208200792473,0.014957901400824388,0.013438656460493803,0.012454872097199162,0.010352161079127755,0.00948886764753196,0.008819542948104855,0.007634684663369424,0.007573046268791788,0.007465749286994752,0.007040371989003486,0.0066768190008588135,0.0033990632962538963,0.003066334407776594,0.0028931614942848682,0.0027272221891002525,0.002395015675574541,0.0022887798647085824,0.0022533038217160436,0.0021823516322506797,0.0021823516322506797,0.002146875537517998,0.002146875537517998,0.002146875537517998,0.00031928480085399415,0.0002838087061213122,0.0002838087061213122,0.00024833261138863035,0.0002128565295909842,0.00017738044779333804,0.0001419043530606561,7.095217653032806e-05,3.547608826516403e-05,0.0,0.0,0.0,0.0,0.0,0.0,0.0,0.0,0.0,0.0,0.0,0.0,0.0,0.0,0.0,0.0,0.0,0.0,0.0,0.0,0.0,0.0,0.0,0.0,0.0,0.0,0.0
280,0.1586574978298611,0.37762540247705245,0.3747144829895761,0.3687448476751645,0.3625471029016707,0.3531898293230269,0.33809128900369007,0.31959811101357144,0.30068868150313693,0.2833620955546697,0.26507412062750924,0.24985052396853766,0.23367207828495237,0.21660518811808693,0.20250752361284363,0.19245134997698995,0.18353791369332206,0.17437179138263068,0.16544358804821968,0.15603935139046776,0.14778648482428658,0.14063137355777952,0.13399561494588852,0.1263458745347129,0.11943108257320192,0.11405054645405875,0.10894290978709857,0.10464784130454063,0.09673943867286046,0.09053081853522195,0.08584223646256658,0.08215175941586494,0.07654689438641071,0.07215566829674774,0.06533389393654135,0.05980771345396837,0.05468408121830887,0.04922170171307193,0.0457362641269962,0.03911966613183419,0.03544393789747523,0.03062155089961986,0.026704105781391263,0.02445639142145713,0.021758391754701734,0.01931477834781011,0.015086178667843342,0.013179536326788366,0.009898251375286944,0.007732496357574645,0.006884943525720801,0.004628448449592624,0.004252418384162916,0.0035943739025646616,0.003091075975033972,0.002264638832356367,0.0016612819939230878,0.0009256303892470896,0.0006052766758431164,0.0,0.0,0.0,0.0,0.0,0.0,0.0,0.0,0.0,0.0,0.0,0.0,0.0,0.0,0.0,0.0,0.0,0.0,0.0,0.0,0.0,0.0,0.0,0.0,0.0,0.0,0.0,0.0,0.0,0.0,0.0,0.0,0.0,0.0,0.0,0.0,0.0,0.0,0.0,0.0,0.0
290,0.1586574978298611,0.37920326822333866,0.37709756278329426,0.3699688870045874,0.3575107604265213,0.3411782102452384,0.3206036976642079,0.29951367527246475,0.2777040931913588,0.2564629804756906,0.23789922147989273,0.22128906349341074,0.20853358755509058,0.1965929236676958,0.18673916574981478,0.17632018195258248,0.1658651882575618,0.15657351952460077,0.14824913442134857,0.13991887287961113,0.13085134161843193,0.12174762992395295,0.11333954706788063,0.1039992765420013,0.09476671740412712,0.0850934252763788,0.07558005282448398,0.0673777356536852,0.05845808279183176,0.05358601314947009,0.047926088588105306,0.043606895901676684,0.03975537507277396,0.037469983411331974,0.034212508601033025,0.03107464003066222,0.028054426320725016,0.02677391275453071,0.024144127913233306,0.018500880092485912,0.01671972014527354,0.015456364567702016,0.013745709218912654,0.010879787461211285,0.009402395407151844,0.008597486678303944,0.007969825476821926,0.006267368664137191,0.005234339610776967,0.004555227053869102,0.004246618158908354,0.0038617968352304567,0.0034919522262902725,0.0029032716475841072,0.002600613489954008,0.0022752743162628678,0.0019820192311373022,0.0019484894583001733,0.0014893385297101405,0.001293999718553904,0.0011892321571293804,0.0010834697297670776,0.0008712859384508596,0.000729874319707354,0.0005672551795012421,0.0005318017469512092,0.0003899879391408629,0.0003191828986422883,0.00028371813500093087,0.0002128565295909842,0.00017738044779333804,0.0001419043530606561,0.0001419043530606561,0.0001419043530606561,7.095217653032806e-05,7.095217653032806e-05,7.095217653032806e-05,7.095217653032806e-05,0.0,0.0,0.0,0.0,0.0,0.0,0.0,0.0,0.0,0.0,0.0,0.0,0.0,0.0,0.0,0.0,0.0,0.0,0.0,0.0,0.0,0.0
300,0.1586574978298611,0.377928941614098,0.37597951541344327,0.369871999654505,0.36214719547165763,0.35052674429284203,0.3357868178023232,0.31748559491501915,0.2983363676402304,0.2771085277199745,0.2573825841148694,0.2411487085951699,0.22525666943854755,0.21093374490737915,0.19760448982318243,0.1843377709802654,0.1753686416066355,0.1632785675012403,0.15223278581268257,0.14487626631226805,0.1357918232679367,0.12920245486829016,0.12141642616026932,0.1140741855940885,0.1075094963113467,0.10034105688747433,0.09389642450130647,0.08869237918406725,0.0838372275336749,0.07822310965922144,0.07258342599703206,0.0670731878425512,0.062499138449008264,0.057382891536690295,0.05168297480688327,0.04863868488205804,0.04114671341247029,0.03470450867381361,0.02944466657936573,0.026538834493193362,0.023135799293716747,0.020800168212089274,0.017313003100247845,0.0138987281307992,0.011514901028325161,0.009596314100134704,0.007808133908030059,0.005788018060330715,0.0046089404366082614,0.0035541634812640646,0.003187035850714892,0.002431763944009112,0.0019941230873680776,0.0014978625242494875,0.0010119496275567347,0.0008720686503996452,0.00040113279182049964,0.00021151755936443806,0.0,0.0,0.0,0.0,0.0,0.0,0.0,0.0,0.0,0.0,0.0,0.0,0.0,0.0,0.0,0.0,0.0,0.0,0.0,0.0,0.0,0.0,0.0,0.0,0.0,0.0,0.0,0.0,0.0,0.0,0.0,0.0,0.0,0.0,0.0,0.0,0.0,0.0,0.0,0.0,0.0,0.0
310,0.1586574978298611,0.3792353942990303,0.37928982492950225,0.3764040370782216,0.36983491645918953,0.357671332028177,0.34090396265188855,0.32400041984187233,0.30472884078820545,0.2836231233345138,0.2635133241613706,0.2469991362757153,0.23353102430701256,0.22114862004915872,0.2107552509340975,0.19998524710536003,0.19020470562908384,0.17936952577696907,0.16824026881820625,0.159890819961826,0.1513931086907784,0.14329342854519686,0.13488457393315104,0.12676239220632446,0.11932420233885448,0.11102494763003455,0.10133308472318782,0.0942835674310724,0.0865337366445197,0.07765582938575083,0.07223723595961928,0.06661509137807621,0.0631004485508634,0.05992092057648632,0.05501052289683786,0.05110118928779331,0.04720329989989599,0.0454139918114783,0.04041513411276457,0.03836872948644062,0.03536294096718646,0.032232705283806555,0.02668798144441098,0.022658796592925984,0.02028399183311396,0.017067798413336277,0.014318963202337423,0.011298751122214727,0.009442707032172216,0.006730719831668668,0.005500465528004699,0.004490038793947961,0.0028315939707681537,0.0024122544823007453,0.0018874605432049269,0.0017436605089137123,0.0015002544581269224,0.001216129373965992,0.0009747308019238213,0.0008469343883916736,0.0007072031795461145,0.0006186170438821944,0.0005485300142835411,0.0005138516361411247,0.0005141869769431651,0.00041084953894217807,0.00030461990455579426,0.00030482021005203325,0.00026943041787793237,0.0002128565295909842,0.0002128565295909842,0.0002128565295909842,0.0002128565295909842,0.0002128565295909842,0.0001419043530606561,0.0001064282647954921,0.0001064282647954921,0.0001064282647954921,0.0001064282647954921,7.095217653032806e-05,7.095217653032806e-05,7.095217653032806e-05,7.095217653032806e-05,7.095217653032806e-05,0.0,0.0,0.0,0.0,0.0,0.0,0.0,0.0,0.0,0.0,0.0,0.0,0.0,0.0,0.0,0.0
320,0.15865782731109196,0.38040029009183246,0.37592234710852307,0.36913110315799713,0.3589186312423812,0.3426478331287702,0.3266422152519226,0.3094905614852905,0.29198142968946034,0.2767760960592164,0.2623396755920516,0.24972822848293516,0.23731097165081236,0.22640910786059168,0.21462773241930538,0.20345263141724798,0.19143851184182697,0.17887285517321694,0.16649841889739037,0.15563250167502296,0.14679994848039415,0.13908936373061603,0.12997322695122826,0.12079265020373794,0.11041407183640534,0.10101811691290802,0.09284485483335124,0.08456873976522022,0.0754773449152708,0.06876702999903096,0.06071025226265192,0.05637840761078729,0.05113167082890868,0.04658923401600785,0.04165730087293519,0.0381225120379693,0.03507823631581333,0.030811100758405194,0.02882557822805312,0.027708942510394588,0.02560201406271921,0.02169424329056508,0.019278257968835533,0.01818641848189549,0.01516922675849249,0.012402836181637313,0.011658147494826052,0.010699382620967098,0.009617236856785085,0.006825019088056352,0.00660841849943002,0.004497048238085376,0.003733143676072359,0.003479601349681616,0.002608366905608111,0.0013709982223291364,0.0012514208857383993,0.0011629465863936478,0.0009139972325000498,0.0007216292433440685,0.0005387044770436154,0.0003758076927624643,0.0002476999329196082,0.0002123818655187885,0.00017704129115574889,0.0001416781839604179,7.083909198020895e-05,3.5419545990104474e-05,0.0,0.0,0.0,0.0,0.0,0.0,0.0,0.0,0.0,0.0,0.0,0.0,0.0,0.0,0.0,0.0,0.0,0.0,0.0,0.0,0.0,0.0,0.0,0.0,0.0,0.0,0.0,0.0,0.0,0.0,0.0,0.0
330,0.1586574978298611,0.37999578648143345,0.37815738800499177,0.37215856628285515,0.3637985578841633,0.35058341920375824,0.3358157542016771,0.32044751859373516,0.3047326041592492,0.29211119562387466,0.2798374940951665,0.2675749245617125,0.25682394620445037,0.24640285203026402,0.23338435569571125,0.2210142519325018,0.20989948614603943,0.1997822131961584,0.1891798172146082,0.17976322314805454,0.17057333410614067,0.15992194569359222,0.15152641447881857,0.14155680479274857,0.13191050270365345,0.12181614422135884,0.11295473337587383,0.10283155387474431,0.09475111123174429,0.08703668757031362,0.07841076396612658,0.07103076380574042,0.06474813456750578,0.05760085003243552,0.05274754064157605,0.049242702286897436,0.04592344224349492,0.042191574815660715,0.03635012079030275,0.03259294552521573,0.02930622105486691,0.027681129932817485,0.02521962211984727,0.021162455474647384,0.018117750451589625,0.016270834305841062,0.015204886647148265,0.011133993536026942,0.010048873619072966,0.009264141243572036,0.00831502815708518,0.007842083409842517,0.007274052283416192,0.003904325214938985,0.003495543600163526,0.0031393623083002037,0.0027497851729599964,0.0025110379663399523,0.002261565235029492,0.001761303800675604,0.0015180789762073094,0.001381802683075269,0.001099407776362366,0.0009578544025619825,0.0008159500753713979,0.0007095217911733522,0.0006030935069753064,0.0004966652227772607,0.0004257130591819684,0.0003547608955866761,0.00031928480085399415,0.00031928480085399415,0.00031928480085399415,0.0002838087061213122,0.00017738044779333804,0.0001419043530606561,0.0001419043530606561,0.0001419043530606561,0.0001419043530606561,0.0001064282647954921,0.0001064282647954921,0.0001064282647954921,0.0001064282647954921,7.095217653032806e-05,3.547608826516403e-05,0.0,0.0,0.0,0.0,0.0,0.0,0.0,0.0,0.0,0.0,0.0,0.0,0.0,0.0,0.0
340,0.1586574978298611,0.3835170583592521,0.38355255375305813,0.38193490852912265,0.3774151760670874,0.37007467531495625,0.35884586307737565,0.34659973200824523,0.33301134821441436,0.3133387300703261,0.2924488021267785,0.27149591263797546,0.2500116307702329,0.23245721186200777,0.21660393124653232,0.20351906017296845,0.1910567788614167,0.1794199993213018,0.16967535350057814,0.160632508703404,0.15339375680519474,0.14570078026089403,0.13631057884130213,0.12720642259551418,0.11893444994671477,0.11256608542882734,0.10725409723818302,0.10019381913459963,0.09378778458469444,0.08894257997680041,0.08516739526142676,0.078764783580684,0.07537968749076956,0.07252139949964152,0.0701211647182289,0.06569447673650251,0.06157204671762884,0.057693872704274125,0.05617744933503369,0.05179511367653807,0.04745669064060268,0.044868541506326035,0.041551790510614715,0.04085501035054525,0.02969637244111962,0.02423092495236132,0.01737203211006191,0.014332293946709897,0.009849028713587258,0.006855483606664671,0.004288509100054701,0.004011760802111692,0.003385011986311939,0.0026128918398171663,0.002205492243067258,0.002076471871179011,0.0017596179386600852,0.0012212968431413174,0.00030824395232937403,5.583472860356172e-05,5.614507891651657e-05,5.631582138852941e-05,5.6487598663402925e-05,5.6573888286948204e-05,0.0,0.0,0.0,0.0,0.0,0.0,0.0,0.0,0.0,0.0,0.0,0.0,0.0,0.0,0.0,0.0,0.0,0.0,0.0,0.0,0.0,0.0,0.0,0.0,0.0,0.0,0.0,0.0,0.0,0.0,0.0,0.0,0.0,0.0,0.0,0.0
350,0.1586574978298611,0.3718978514273961,0.36512529022163814,0.35628851420349544,0.34530221588081783,0.3329959544870589,0.31728920092185336,0.2996131140324805,0.2786786961886618,0.2585643447107739,0.23870287835597992,0.22140621807840136,0.20526022381252712,0.19144661890135872,0.17792155966162682,0.1651426185336378,0.15428555715415213,0.14613241660926077,0.13811023119423124,0.13044874825411373,0.12072212414609061,0.11297894724541241,0.1033839343322648,0.09566578682925966,0.08756176837616497,0.0822034478187561,0.07689462850491206,0.07123761924190654,0.06741336329529683,0.06399823756267627,0.061347373502535954,0.056854376181339226,0.05060725167600645,0.04636505965350403,0.04239403693160663,0.04005987254074878,0.03777800289551831,0.034598758056138955,0.028599630963678162,0.026725455465364374,0.023943313481544867,0.022785825325020898,0.020737043872941285,0.01830471614893112,0.017216125432039715,0.015722069721151557,0.015065661321083704,0.012280809667168392,0.011597990265323056,0.009491980256926682,0.008217772106743522,0.007291222508582804,0.006848933201076256,0.004703213771184285,0.0038272451298932233,0.0034717880189418793,0.003522406228714519,0.003342374434901608,0.0017463583499193192,0.00028200789044300717,0.0,0.0,0.0,0.0,0.0,0.0,0.0,0.0,0.0,0.0,0.0,0.0,0.0,0.0,0.0,0.0,0.0,0.0,0.0,0.0,0.0,0.0,0.0,0.0,0.0,0.0,0.0,0.0,0.0,0.0,0.0,0.0,0.0,0.0,0.0,0.0,0.0,0.0,0.0,0.0
360,0.1586574978298611,0.3760672253039148,0.3721639679537879,0.3663639798760414,0.3572941232058737,0.34339718686209786,0.3303172215819359,0.3146539073851373,0.29861896650658715,0.2813522045811017,0.2652508599890603,0.24888203665614128,0.23329651479919752,0.22091736810074913,0.20894843132959473,0.20124918263819483,0.19091315526101324,0.1814410580943028,0.17111803798211944,0.16361494734883308,0.156556267498268,0.1497486819409662,0.1391008347272873,0.131899568459226,0.12389624863862991,0.11571606496969859,0.10764412716444996,0.10150647763576773,0.09357123656405343,0.08575813073871864,0.07915218753947152,0.07260105572640896,0.06663520106424888,0.06041710078716278,0.05505763154683842,0.049678165879514485,0.04501991532742977,0.04079811005956597,0.037112883343878716,0.0331502102004985,0.029951528542571597,0.026321456741748586,0.02408958174702194,0.02069991992579566,0.017881115588049095,0.01572837018304401,0.012769726156774495,0.010741203557699919,0.00950994999665353,0.008892327107282149,0.008145243834911121,0.007330336685602863,0.006547303715099891,0.005984381720837619,0.005163972020252711,0.004037551581859589,0.003252565744332969,0.0020854807872739104,0.0012325640806617837,0.0010329407846762075,0.0008922447450459003,0.0007869364021139012,0.0007516866705069939,0.0007517444771817989,0.0006809960921398468,0.0006100439026744829,0.000574567859681944,0.000574567859681944,0.00037600308294511505,0.0003405269882124331,0.0002838087061213122,0.0002838087061213122,0.00024833261138863035,0.0002128565295909842,0.0001419043530606561,0.0001419043530606561,0.0001419043530606561,0.0001419043530606561,7.095217653032806e-05,7.095217653032806e-05,7.095217653032806e-05,7.095217653032806e-05,0.0,0.0,0.0,0.0,0.0,0.0,0.0,0.0,0.0,0.0,0.0,0.0,0.0,0.0,0.0,0.0,0.0,0.0
370,0.1586574978298611,0.3785230649842156,0.3781210134426753,0.37552320543262696,0.37159651931789184,0.3663017468319999,0.35899216681718826,0.35013265742195976,0.3390694144699309,0.325502436194155,0.313252803352144,0.3003099064032237,0.28552698923481834,0.2676922529935837,0.2488987280262841,0.22834387752744886,0.20711155732472739,0.18934323431717026,0.1739797405898571,0.16185648656553692,0.14921599833501709,0.1369367784096135,0.12729252957635456,0.11824787863426739,0.10930024087429047,0.10208924776977962,0.09629949347840415,0.08924042599068747,0.08298044817315207,0.07761021103296015,0.07368965095116033,0.06814515197442637,0.06226269176436795,0.05820651176489062,0.05316685119436847,0.050878327132927045,0.04710513606874479,0.04448433385954963,0.04100929148909119,0.03780752091875507,0.03377759221216871,0.031007877266448405,0.02713808934721682,0.025635746023100283,0.022640852580985263,0.02107608555040012,0.018807970284898248,0.01642136428401702,0.014352349874873957,0.013531529706799321,0.01177563531220787,0.010434814360147962,0.009453628677874804,0.00791658161001073,0.006479541124362085,0.005852607622121771,0.004946716867076854,0.004185603207184209,0.0036043961687634387,0.0024862764144523274,0.0018289894279506472,0.0015480965375900269,0.0013399626024895245,0.0012008193880319595,0.00102455396619108,0.0008837982184357113,0.0008146495351360904,0.000673185930483871,0.00053146259031362,0.0004608948301110003,0.00039023699031935795,0.00031928480085399415,0.00031928480085399415,0.0002838087061213122,0.00017738044779333804,0.0001419043530606561,0.0001419043530606561,0.0001419043530606561,0.0001419043530606561,0.0001064282647954921,0.0001064282647954921,0.0001064282647954921,0.0001064282647954921,7.095217653032806e-05,3.547608826516403e-05,0.0,0.0,0.0,0.0,0.0,0.0,0.0,0.0,0.0,0.0,0.0,0.0,0.0,0.0,0.0
380,0.1586574978298611,0.37851950029532117,0.3793524569935269,0.3767760205599997,0.3688358945979012,0.3563103700677554,0.3409372924102677,0.3196809763709704,0.29485104150242275,0.26905589881870484,0.2465389288134045,0.2260003462433815,0.20692842536502415,0.1917339815861649,0.17917282010118166,0.16789815657668644,0.15735608629054493,0.14762838143441412,0.13829713956349426,0.13125300717850527,0.12328593412207232,0.11784187166227235,0.11347971235712369,0.10718320930997531,0.10241812467575073,0.09764207878874408,0.09330945130851534,0.0888230355663432,0.08462691182891528,0.0792216354360183,0.07430528911451499,0.06927127867109245,0.06689720435274972,0.06302566847039594,0.05895899049937725,0.05396033926970429,0.05077809561043978,0.04689710680395365,0.04318126218600406,0.03754354785713884,0.032659977571003966,0.029020963236689568,0.025216890912916925,0.017094734991486702,0.01606591558083892,0.014058745065186586,0.012185373673370728,0.010990209353622049,0.008431035281521164,0.007398265284589595,0.0050867316830489374,0.0041249337502651745,0.0034679482794470256,0.0028165471740067005,0.00256134962870015,0.0015710538977550135,0.0010849264734942052,0.0005949052089514831,0.0004495599164834453,0.00041567007105590566,0.0002517311044761704,7.086167655264337e-05,7.095217653032806e-05,7.099751383066177e-05,0.0,0.0,0.0,0.0,0.0,0.0,0.0,0.0,0.0,0.0,0.0,0.0,0.0,0.0,0.0,0.0,0.0,0.0,0.0,0.0,0.0,0.0,0.0,0.0,0.0,0.0,0.0,0.0,0.0,0.0,0.0,0.0,0.0,0.0,0.0,0.0
390,0.1586574978298611,0.38128722707430523,0.3822579060991605,0.3821394277943505,0.3797292411327362,0.37561328295204377,0.3660457622673776,0.34969791107707554,0.3277165674500995,0.30524087531699073,0.284251819882128,0.2628076771895091,0.2417179834511545,0.22353854692644543,0.20586716466479832,0.189173580871688,0.17391871164242426,0.16047502640220854,0.14985686747564209,0.14015226521425778,0.1320486766182714,0.12412863162656625,0.11833570566442278,0.1119044887729817,0.10669119128336509,0.10277269159754117,0.09835878097348744,0.09537128079682589,0.09180759535067612,0.08782963578899701,0.08129672209421794,0.07765769761883551,0.07341087493114173,0.0702430978934798,0.06795487982324427,0.06491297157481313,0.06365459392933796,0.05798192350711259,0.056312491832714945,0.055486898752860725,0.05385277905346205,0.053461035209087036,0.04829466115269396,0.04279201519158152,0.03939234010047383,0.037526388445662126,0.03473017239270525,0.03308971030249571,0.029821837883597862,0.02839983039949503,0.026705466805853777,0.02193978715998431,0.013592681097280648,0.012880885326820943,0.011367036184916893,0.006961067504663434,0.00426527712908056,0.003809346325902475,0.003739359264727682,0.0018275454802076435,0.001792114641931322,0.001792114641931322,0.001792114641931322,0.001792114641931322,0.001792114641931322,0.0,0.0,0.0,0.0,0.0,0.0,0.0,0.0,0.0,0.0,0.0,0.0,0.0,0.0,0.0,0.0,0.0,0.0,0.0,0.0,0.0,0.0,0.0,0.0,0.0,0.0,0.0,0.0,0.0,0.0,0.0,0.0,0.0,0.0,0.0
400,0.1586574978298611,0.37924304356177646,0.37705673608515,0.3729008932908376,0.3649510095516841,0.35255470623572666,0.33935581230454975,0.32216661671797436,0.3021063183744748,0.28362108684248394,0.26478370775779086,0.2500002384185791,0.23636621402369606,0.2235276707344585,0.21056152424878544,0.19633263266748852,0.1841629275845157,0.1738724923796124,0.16423587190608183,0.1572858817461464,0.14831171267562443,0.13975402961174646,0.1323885325756338,0.1250675699363152,0.1188753659112586,0.11470862219317092,0.10948924989336067,0.10505914812286694,0.09951215092506674,0.09559465427365568,0.09189500701096323,0.08624718358947171,0.07987152453925875,0.07475360917548339,0.06836897000256512,0.06260409490722749,0.057687149486607976,0.05283773297237025,0.04881767462939024,0.04628301887876458,0.044241467490792274,0.039426126724316016,0.03553009773087171,0.030734341798557177,0.026770205702632666,0.023035267005778022,0.020610139187839296,0.018521493662976556,0.01743667929743727,0.016459248442616727,0.01515765032834477,0.014106552207118107,0.013260779048626622,0.01158218136212478,0.008791955808798472,0.00618143440482931,0.004395718867373135,0.0030805303184832963,0.0014974544109362694,0.0010222868942138222,0.0006820535701182154,0.00017006802631335126,5.668933994861113e-05,0.0,0.0,0.0,0.0,0.0,0.0,0.0,0.0,0.0,0.0,0.0,0.0,0.0,0.0,0.0,0.0,0.0,0.0,0.0,0.0,0.0,0.0,0.0,0.0,0.0,0.0,0.0,0.0,0.0,0.0,0.0,0.0,0.0,0.0,0.0,0.0,0.0
410,0.1586574978298611,0.38024302820364636,0.37737732215060127,0.37304843796624076,0.3650250087181727,0.3561650928523805,0.3429628809293111,0.3284991855422656,0.30934884068038726,0.2881406529082192,0.265622036324607,0.24463163399034077,0.22668930805391735,0.20876512676477432,0.19228989217016432,0.17791025464733443,0.16738251575993168,0.15668066777288914,0.14780407667987877,0.13905591890215874,0.13143992237746716,0.12548049560023677,0.1175748999747965,0.11029761222501595,0.10154297264913718,0.09428572427067491,0.08874217834737566,0.08299974952307013,0.07867776395546065,0.07440412044525146,0.06972053005463547,0.06404448383384281,0.059924285341468125,0.05696644137303034,0.05267463991832402,0.049500502128567964,0.045366113229344286,0.040032824889446296,0.03883650122831265,0.03544993201891581,0.0315994086364905,0.028936047624382708,0.02712302654981613,0.025850422783858247,0.02392579408155547,0.020320434951119952,0.01934505378206571,0.01605463630726768,0.01530177821405232,0.014236699078335531,0.011127242197593054,0.006585122435353696,0.005683420148367683,0.004643838425787787,0.003969843156584021,0.003211454591817326,0.002520237434914129,0.0014588504240641163,0.0011307833354092306,0.0008055120900583764,0.0006308911251835525,7.086167655264337e-05,0.0,0.0,0.0,0.0,0.0,0.0,0.0,0.0,0.0,0.0,0.0,0.0,0.0,0.0,0.0,0.0,0.0,0.0,0.0,0.0,0.0,0.0,0.0,0.0,0.0,0.0,0.0,0.0,0.0,0.0,0.0,0.0,0.0,0.0,0.0,0.0,0.0,0.0
420,0.1586574978298611,0.376343192325698,0.37294846690363354,0.3696097681919734,0.36425060944424736,0.35595858842134476,0.34468308008379406,0.3290165066719055,0.3118336531851027,0.2918141873346435,0.2691864429248704,0.24883786423338783,0.22792234271764755,0.208932982550727,0.19234024898873436,0.18041130072540706,0.16977119363016552,0.16232740092608663,0.15405908972024918,0.14532461555467713,0.1384867856072055,0.13322971595658195,0.12514163388146293,0.11919276788830757,0.11218933223022355,0.10616271156403753,0.098289688428243,0.09155293057362239,0.0850895316236549,0.07764256331655714,0.07132543664839533,0.0652308998008569,0.0613433321317037,0.057226288235849805,0.051090146932337016,0.045491563570168286,0.041484945764144264,0.03908467416961988,0.03542278541458978,0.03231170183668534,0.029704271401796076,0.027353001887806587,0.024066011162681714,0.02089102920662198,0.018014690114392176,0.016184112884932093,0.014407283626496792,0.011310150322970003,0.009819375124708232,0.007785693690594699,0.006313927937299013,0.005223620967525575,0.004683411447331309,0.0038078721328121093,0.0027143207068244615,0.0020211556499513486,0.0015373621976727413,0.0014740876762920783,0.0014270087380686568,0.0008598004319032447,0.0008042670637627856,0.0005820366689780107,0.0004351401003077626,0.00020849796581185528,0.00015192410339497856,0.00015195298732982742,0.0001519818906672299,0.0001519818906672299,9.529255071861876e-05,0.0,0.0,0.0,0.0,0.0,0.0,0.0,0.0,0.0,0.0,0.0,0.0,0.0,0.0,0.0,0.0,0.0,0.0,0.0,0.0,0.0,0.0,0.0,0.0,0.0,0.0,0.0,0.0,0.0,0.0,0.0
430,0.1586574978298611,0.37154099179638755,0.36552631937795216,0.3576405950718456,0.3473135663403405,0.3348336906896697,0.31932366391023,0.30106998566124177,0.28242266840404934,0.2629308005174001,0.24566394007868236,0.23104297038581637,0.2173546300166183,0.20808037122090658,0.19811529417832693,0.19111628540688091,0.18335368442866537,0.17427048087120056,0.1652275212109089,0.1567633452100886,0.14937885229786238,0.14196525969439083,0.13356620259582996,0.12408887243105306,0.11595451873209742,0.10697080733047591,0.09934655566596323,0.09210536556525363,0.0850733272317383,0.07948170074572165,0.07411977058897416,0.06926576875978047,0.06344550744526917,0.05857847605107559,0.05496886186301708,0.051022685029440455,0.0490356688387692,0.04530355673179858,0.042348947272532515,0.039652566270281873,0.03728746538723095,0.03451605540855477,0.030843243481487863,0.02842719221694602,0.0244408728968766,0.021678234890310302,0.018897605697727866,0.01724411950757106,0.01316759166204267,0.011146310018375516,0.009286220883950591,0.007746576253945629,0.006279322512758275,0.0047142397250152296,0.0037525107747771675,0.002785697372423278,0.001992759294807911,0.001049441932183173,0.0003472083222327961,0.00014069149943275584,0.00010558546960560812,3.523980720072157e-05,0.0,0.0,0.0,0.0,0.0,0.0,0.0,0.0,0.0,0.0,0.0,0.0,0.0,0.0,0.0,0.0,0.0,0.0,0.0,0.0,0.0,0.0,0.0,0.0,0.0,0.0,0.0,0.0,0.0,0.0,0.0,0.0,0.0,0.0,0.0,0.0,0.0,0.0
440,0.1586579812897576,0.3792850482794974,0.37926510804229313,0.3782399073243141,0.37424158967203563,0.3664045102066464,0.3540213248795933,0.3377242618136936,0.317328074740039,0.29719014796945786,0.27716679871082306,0.2554085776209831,0.2360012779633204,0.2190322702129682,0.2023290234307448,0.18826460093259811,0.1782610873795218,0.16894619332419503,0.15954471876223883,0.15216366367207634,0.14405290285746256,0.13560501486063004,0.12565820415814719,0.11709063748518626,0.10823834335638417,0.10026281285617086,0.09359097977479298,0.08661372566388713,0.0803277198639181,0.07453883232341872,0.07102275329331557,0.06534077392684089,0.06019286894136005,0.05648539960384369,0.052232859345773854,0.04734214384936624,0.04220545581645436,0.03745738955007659,0.03568311920389533,0.03326968941837549,0.029568235338148143,0.027522332707626954,0.024388351374202304,0.022568470901913114,0.020582797471433878,0.018527159622559946,0.016217157218812242,0.012729382349385155,0.011123938227279319,0.009541922455860509,0.008003332859112157,0.006645534679086672,0.005923479485015075,0.00368896435894486,0.0032055804428334036,0.0029310673384720255,0.0024680487953850794,0.001991642467651723,0.0017524073935217327,0.001617372760342227,0.0015867810903324021,0.0012594936932954523,0.0009268504929625326,0.0007950485321796603,0.0007956808484676811,0.0004610419790777895,0.0003547608955866761,0.0003547608955866761,0.00031928480085399415,0.00031928480085399415,0.0002838087061213122,0.0002838087061213122,0.0002838087061213122,0.00024833261138863035,0.00017738044779333804,0.0001064282647954921,0.0001064282647954921,0.0001064282647954921,0.0001064282647954921,7.095217653032806e-05,7.095217653032806e-05,3.547608826516403e-05,3.547608826516403e-05,0.0,0.0,0.0,0.0,0.0,0.0,0.0,0.0,0.0,0.0,0.0,0.0,0.0,0.0,0.0,0.0,0.0
450,0.15865767498811087,0.3772644665506151,0.3764486693673664,0.3723646195398437,0.36916833370923996,0.3601870478855239,0.34851154022746617,0.3342858635716968,0.31285706990294987,0.29044068025218117,0.26504286544190514,0.2423115430606736,0.2200115385154883,0.2018168345093727,0.1869213477604919,0.1749385189678934,0.16310132377677494,0.15423709195521143,0.14495391357276174,0.13520248813761604,0.1263999148375458,0.1190493092354801,0.11248127929866314,0.10688431250552337,0.10043472713894314,0.09582118721057971,0.09105728618386719,0.0861045631269614,0.08029584772884846,0.07440792831281821,0.07040363198353185,0.06440672195620006,0.05986241985940271,0.056566243784295187,0.05208741671716174,0.04812530795526174,0.04387042340305117,0.041572753120110266,0.04037554333788446,0.038242403792941734,0.034857650242176734,0.03241945164174669,0.029453119056092367,0.027344288407928415,0.0238124273924364,0.02172723277989361,0.020522277802228928,0.016818437880525988,0.014632598807414373,0.012583616086178355,0.01143723881493012,0.007810709920401375,0.006311456640509682,0.0056446097377273775,0.004977993330814772,0.0030020689203714332,0.0020804648391074603,0.0015361979086365965,0.001133200854787396,0.00019987652518062128,0.0001646603599915074,0.00016480745075063573,0.00016504623797825642,0.0,0.0,0.0,0.0,0.0,0.0,0.0,0.0,0.0,0.0,0.0,0.0,0.0,0.0,0.0,0.0,0.0,0.0,0.0,0.0,0.0,0.0,0.0,0.0,0.0,0.0,0.0,0.0,0.0,0.0,0.0,0.0,0.0,0.0,0.0,0.0,0.0
460,0.1586574978298611,0.38293662584490246,0.3847196458114518,0.38462193806966144,0.38453162875440383,0.38091221700112027,0.37585717770788407,0.36746860875023735,0.355439741578367,0.3422396282354991,0.32785208109352326,0.3103260662820604,0.2866387863953908,0.26261694480975467,0.23961576571067175,0.2215043372578091,0.20614859296215904,0.19028186715311474,0.17755086264676517,0.16605922828118005,0.1552540043161975,0.14703120705154207,0.13751203566789627,0.12904366788764796,0.12199083839853604,0.11598750576376915,0.10862016739944617,0.10134884632296032,0.09705175314512518,0.09281850026713477,0.08727619672815005,0.0823536306205723,0.07997728159858121,0.07619568969433506,0.07193593427331911,0.06805809875691517,0.06371023315781106,0.057954865456041366,0.05536177899274561,0.049612055636114545,0.04544322761810488,0.03992857339067592,0.035727616399526596,0.03426657896488905,0.03137876354675326,0.026732620627929766,0.02392676964195238,0.02047353730692218,0.016946089298774798,0.013437204011198547,0.011295317930893766,0.010023960804877182,0.009451704048034217,0.006681417270253102,0.00480178994540539,0.003829226402255396,0.002574217473415451,0.001985918316576216,0.0015457522951894337,0.0013487523732086022,0.0010932503371602958,0.0008533873802257909,0.0007846907505558596,0.0007878094911575317,0.0006975589268323448,0.0005926306669910749,0.0005368037770191828,0.0003960665004948775,0.00033980077649984095,0.00033998109089831513,0.00034007132570776675,0.00024793679929441877,0.0002480158841030465,0.00024817415720058814,0.00017726725329541497,0.00010639429739159014,0.0001064282647954921,7.095217653032806e-05,7.095217653032806e-05,7.095217653032806e-05,3.547608826516403e-05,0.0,0.0,0.0,0.0,0.0,0.0,0.0,0.0,0.0,0.0,0.0,0.0,0.0,0.0,0.0,0.0,0.0,0.0,0.0
470,0.1586574978298611,0.3756019026041031,0.37235765490267014,0.36908538308408523,0.36500929130448234,0.35917254868480897,0.34945496668418247,0.335584308538172,0.3184056133031845,0.30093911124600303,0.2806022349331114,0.26276402837700313,0.2454770969019996,0.2295989952981472,0.21498917664090791,0.20309515007668072,0.19289896823465824,0.18099500983953476,0.17098105429775184,0.1620265044685867,0.15354360081255436,0.14489148557186127,0.13617920130491257,0.12861756918330988,0.12173694227304724,0.11275340016517374,0.10531042661103937,0.09845411177310678,0.09176624804321262,0.0865867291059759,0.08155326048533122,0.07723712465829319,0.07296114166577657,0.06772919992605846,0.06421879151215155,0.05895403684634301,0.05626960574752755,0.05151756790777048,0.04659286648448971,0.04161641519102785,0.03487425344064832,0.03209596649847097,0.029610345993811887,0.027659800369292498,0.024046357643480103,0.021151083366324503,0.01986678663848175,0.018364173023858003,0.015510900773935847,0.013070503754230836,0.011563882218777306,0.009112347150221467,0.00828428130545136,0.007620111353591912,0.005979701087603139,0.004096920821919209,0.0031716937406195533,0.0013669635065727765,0.0012280139037304455,0.0010210591264896924,0.000707038574748569,0.0005658108534084426,0.00042449325943986577,0.0003539697629296117,0.0003186743189063337,0.0002835371221105258,0.00024817415720058814,0.00021272069878048368,0.00017726725329541497,0.00017726725329541497,0.00017732383114182286,0.00017738044779333804,0.00017738044779333804,0.0001419043530606561,0.0001064282647954921,7.095217653032806e-05,7.095217653032806e-05,7.095217653032806e-05,0.0,0.0,0.0,0.0,0.0,0.0,0.0,0.0,0.0,0.0,0.0,0.0,0.0,0.0,0.0,0.0,0.0,0.0,0.0,0.0,0.0,0.0
480,0.1586574978298611,0.3700974972711669,0.3652680309282409,0.35896015332804787,0.3501131758093834,0.3393286383814282,0.326957987414466,0.3121957638197475,0.29509629640314317,0.2798214757608043,0.26247123297717834,0.24334688981374106,0.22557049989700317,0.20799349082840812,0.19233084263073075,0.17884210993846258,0.16737612088521323,0.1568093548218409,0.1466429444650809,0.13864212938480908,0.13031157727042833,0.12351230035225551,0.11633892233173053,0.10948882583114836,0.10446648196213776,0.09687409591343668,0.09163084191580613,0.08589639245635933,0.0825870991167095,0.07922357776098782,0.07800723757180902,0.07632436551567581,0.0729525594247712,0.07129346775925821,0.06631739623844624,0.06456917757168412,0.061261646863487035,0.058696625805977315,0.053922867557654776,0.050186256929818124,0.04498780446334018,0.03959922132910126,0.03559611537235065,0.03223561371366183,0.02904402271896187,0.027710782493361168,0.025130251629485026,0.020375248600935772,0.017594388699055545,0.012813999731507566,0.008322061117117604,0.006166636633376281,0.005361456398127807,0.004515983604101671,0.0038716019286463657,0.0034765978602485526,0.0032130477225614917,0.003289794555813488,0.00152878887214077,0.0015465101751033217,0.0015182292554527521,0.0013701529759499761,0.0013888952218823964,0.0013828562417378028,0.0013323579914867878,0.0011659059802898103,0.0011814718988413613,0.0010095082689076662,0.0008351988443690869,0.000514078924121956,0.0005158769134949478,0.0005207042429699666,0.000300706648785207,0.0003015226943211423,0.0001515840542399221,0.0001522070055620538,0.00015241578997423252,0.00015283509209338162,0.0,0.0,0.0,0.0,0.0,0.0,0.0,0.0,0.0,0.0,0.0,0.0,0.0,0.0,0.0,0.0,0.0,0.0,0.0,0.0,0.0,0.0
490,0.1586574978298611,0.36279720895820194,0.35438842905892265,0.3454219963815477,0.3333282843232155,0.32043693628576064,0.30751074602206546,0.2952946176131566,0.2827714814080132,0.2670810984240638,0.2515909771124522,0.23822982940408918,0.22585118230846193,0.21424475974506801,0.20350543823507097,0.19071033555600378,0.17874284088611603,0.16809486142463154,0.1564381913178497,0.147393471457892,0.13998385932710436,0.13253627138005364,0.12726308301919037,0.12104714848101139,0.11664005037811068,0.11182103057702382,0.1072198837581608,0.1034833366672198,0.10042546089324686,0.09509117156267166,0.09113811080654462,0.08457341614282793,0.08164350647065374,0.07794070047222906,0.07260473320881526,0.06915672237260474,0.06638081852967541,0.06176972823838393,0.058325704394115344,0.05598058758510484,0.05192890432145861,0.04773641160378853,0.04335176546333565,0.03949508236514197,0.036496619021313056,0.033500420679855675,0.030397178010187216,0.02765835106321093,0.026737188299496967,0.023877948432022497,0.021068918842097953,0.018843749990790255,0.01694150902848277,0.014660482889869146,0.01218471457509117,0.010798341607571475,0.009579029568057094,0.007168746760321988,0.004969745563964049,0.003484794339682493,0.002953462936501536,0.002409647742751986,0.0019326727423402998,0.0017949531061781778,0.0016220600033799808,0.0012702445189158122,0.0011301829169193904,0.0008837982184357113,0.0007430997987588247,0.0006727569012178315,0.0005318017469512092,0.0003899879391408629,0.00035453450659082993,0.00028362758975062106,0.0002128565295909842,0.0001419043530606561,0.0001419043530606561,0.0001419043530606561,0.0001419043530606561,0.0001064282647954921,0.0001064282647954921,0.0001064282647954921,0.0001064282647954921,7.095217653032806e-05,3.547608826516403e-05,0.0,0.0,0.0,0.0,0.0,0.0,0.0,0.0,0.0,0.0,0.0,0.0,0.0,0.0,0.0
