,0.0,0.01,0.02,0.03,0.04,0.05,0.06,0.07,0.08,0.09,0.1,0.11,0.12,0.13,0.14,0.15,0.16,0.17,0.18,0.19,0.2,0.21,0.22,0.23,0.24,0.25,0.26,0.27,0.28,0.29,0.3,0.31,0.32,0.33,0.34,0.35000000000000003,0.36,0.37,0.38,0.39,0.4,0.41000000000000003,0.42,0.43,0.44,0.45,0.46,0.47000000000000003,0.48,0.49,0.5,0.51,0.52,0.53,0.54,0.55,0.56,0.5700000000000001,0.58,0.59,0.6,0.61,0.62,0.63,0.64,0.65,0.66,0.67,0.68,0.6900000000000001,0.7000000000000001,0.71,0.72,0.73,0.74,0.75,0.76,0.77,0.78,0.79,0.8,0.81,0.8200000000000001,0.8300000000000001,0.84,0.85,0.86,0.87,0.88,0.89,0.9,0.91,0.92,0.93,0.9400000000000001,0.9500000000000001,0.96,0.97,0.98,0.99
10,0.025279881971734253,0.041788941587274975,0.04168725950271779,0.04078047316211464,0.039268075917103795,0.03827062053366803,0.04459204536296757,0.040593701218423206,0.036725500256505006,0.032406522040479,0.028210892453929493,0.024143486212998333,0.02010920060380017,0.016895304769127817,0.014333005494165052,0.012859212229174521,0.011407554560066924,0.010181624795627342,0.009058854247113168,0.007813535520417636,0.007130777521663134,0.006622009384882888,0.0062341594838872805,0.00580823244882378,0.005428698016419875,0.005032598538994293,0.00469830206783306,0.004608565232757711,0.004565188093738626,0.004066458941343165,0.0030429466609965816,0.0026016095666938355,0.0025239542937280923,0.0020399239555101145,0.00182194028484578,0.0016217513581262,0.0015171980202360325,0.0014698441404409207,0.001432128040130598,0.0008987150488573015,0.00026700123002176834,0.00021040786507242615,0.00015310469101220692,9.570762088967344e-05,9.53674250681047e-10,0.0,0.0,0.0,0.0,0.0,0.0,0.0,0.0,0.0,0.0,0.0,0.0,0.0,0.0,0.0,0.0,0.0,0.0,0.0,0.0,0.0,0.0,0.0,0.0,0.0,0.0,0.0,0.0,0.0,0.0,0.0,0.0,0.0,0.0,0.0,0.0,0.0,0.0,0.0,0.0,0.0,0.0,0.0,0.0,0.0,0.0,0.0,0.0,0.0,0.0,0.0,0.0,0.0,0.0,0.0
20,0.025279881971734253,0.04236572437621977,0.0437730364288168,0.04390596823288728,0.043920235589711254,0.043301759545933294,0.054487390793616974,0.05278086051309394,0.050146058789573233,0.04666974880163277,0.042468295060292593,0.038941128101448896,0.03541619248039396,0.03241554164111249,0.028594737520711178,0.025390721265816873,0.02173122674100325,0.018867458818448313,0.015647402984883207,0.013199957044441213,0.011187519754623398,0.009594804440932747,0.008803210921400018,0.007841407583120352,0.007556016377057717,0.006539199911211324,0.0059937203335968525,0.0053806258489992875,0.004606219783216348,0.0041672155037373315,0.004044237504262624,0.003757450014098662,0.003762051009423506,0.0028422717329458225,0.0027133125554861803,0.0025855544374046024,0.0022986302230043054,0.0017914249360639622,0.0014621887884992135,0.0011551990065179762,0.0011480848366350604,0.0011239677422988092,0.0009009951017374396,0.0009253061489768177,0.0004858726017236831,0.0003699476174207905,0.00018870797966107078,0.00012386876077246506,7.095221784349931e-05,2.8498926720986473e-05,2.1656171139271263e-05,1.6377857736914192e-05,1.0972797742668516e-05,5.6582330500987155e-06,5.3191488404991105e-06,0.0,0.0,0.0,0.0,0.0,0.0,0.0,0.0,0.0,0.0,0.0,0.0,0.0,0.0,0.0,0.0,0.0,0.0,0.0,0.0,0.0,0.0,0.0,0.0,0.0,0.0,0.0,0.0,0.0,0.0,0.0,0.0,0.0,0.0,0.0,0.0,0.0,0.0,0.0,0.0,0.0,0.0,0.0,0.0,0.0
30,0.025279881971734253,0.042988292436787146,0.04462233086237255,0.04541882725614599,0.04608505062262491,0.046389761476223645,0.05905857972620887,0.057698789878333656,0.05641599111831219,0.05365508202973368,0.05127564714680943,0.04914433284973119,0.046442461272107494,0.043122767843641,0.04072725460497084,0.03752403786071934,0.03429444191884756,0.030840305941093105,0.027371716235761623,0.022725188418898146,0.019925858914001893,0.01831278490430943,0.01633502396258879,0.014250843647855893,0.01290502215323952,0.013688901190431757,0.011938169053630876,0.01081370710790397,0.009105421543599723,0.007790267469220735,0.006686590550763372,0.006248079276689467,0.0057502534182121146,0.0049679064011425855,0.004506487105220336,0.004334816528029417,0.004206873517794363,0.003903673017020326,0.003443820382836027,0.0030873506560563646,0.002685750460114905,0.002431010912376186,0.002254081686092757,0.0018637241697339046,0.001442767027092784,0.0012601482647517925,0.0009604683557873084,0.0009317594694775999,0.0007520965967711124,0.0006809403376576151,0.0006915731903733152,0.0006151703450281015,0.00016904839992663845,0.00012674521987700305,6.85561370412785e-05,6.518553370495062e-05,6.499245682789478e-05,3.85091958889916e-05,2.2524763636511125e-05,1.922835033951742e-05,1.922835033951742e-05,1.922835033951742e-05,1.5827603434104276e-05,1.58277150177355e-05,0.0,0.0,0.0,0.0,0.0,0.0,0.0,0.0,0.0,0.0,0.0,0.0,0.0,0.0,0.0,0.0,0.0,0.0,0.0,0.0,0.0,0.0,0.0,0.0,0.0,0.0,0.0,0.0,0.0,0.0,0.0,0.0,0.0,0.0,0.0,0.0
40,0.025279881971734253,0.042919935126101594,0.04442982391262529,0.04535253178308629,0.04634411227529678,0.04765720152078923,0.06139128649997305,0.062280136270348674,0.06249546234035308,0.0625239259212802,0.06229322113103519,0.061310455038882106,0.05894545518603289,0.05580806045688691,0.05261990022583252,0.04820199868116859,0.04354914139137822,0.03962988648872301,0.03557382403692433,0.030972773996765346,0.026277693201734786,0.022616189952948895,0.019611477444794634,0.017352896451983124,0.015620757291795018,0.014285254408489378,0.013067934631995626,0.011738093273423233,0.010773315926655425,0.009599671266942944,0.008936572101076012,0.008183187663146019,0.0077236607762337095,0.007452011080522347,0.0070742364683574754,0.0066240969529575144,0.0062449945424050135,0.005930105717135592,0.005684363089607514,0.005624010879931585,0.005468331898896728,0.005423201920341569,0.005117754375048689,0.004851982190563708,0.004442717471229429,0.004081055420926516,0.003944428952077528,0.0037927398385274036,0.0032887125514030335,0.002595471334072147,0.0022910705802042935,0.0019300979641878324,0.001442235364142494,0.0009523083615133113,0.00035975578684377396,0.00027091988840766135,0.00022888899184181355,8.058325113324827e-05,2.218838437784143e-05,1.694331058388343e-05,1.14539985816009e-05,1.1472966548353725e-05,6.155604921787017e-06,8.364560812879063e-07,8.364560812879063e-07,7.326835884668981e-07,6.280144475567795e-07,4.1867627942338004e-07,4.1867627942338004e-07,3.1400722377838974e-07,3.1400722377838974e-07,3.1400722377838974e-07,1.0466906985584501e-07,0.0,0.0,0.0,0.0,0.0,0.0,0.0,0.0,0.0,0.0,0.0,0.0,0.0,0.0,0.0,0.0,0.0,0.0,0.0,0.0,0.0,0.0,0.0,0.0,0.0,0.0,0.0
50,0.025279881971734253,0.04275484234159188,0.04418207059248569,0.0449201755944133,0.04562378529316291,0.046818910325413965,0.060848990653200596,0.062007516502379234,0.06296661425047168,0.06397027876244654,0.06429747500396821,0.06431709476364333,0.0638968231144299,0.061873469384700064,0.059475293387784456,0.05586527223505744,0.05114971362893339,0.04529483984722882,0.04041208579811029,0.03504438791832176,0.03045930168988198,0.0263861249886419,0.023367252389232984,0.020980513821438285,0.018647971229649674,0.016789893581432902,0.015371032558789133,0.013778293488632465,0.012163508288764113,0.010809492581099756,0.009502546161918368,0.00870400984586428,0.00781164396992029,0.007059225600377639,0.0061740795485913935,0.00533551104693375,0.005162447537797599,0.004679519080110661,0.0038349964225625754,0.0035433924772042547,0.0035277245095837184,0.003389377954007178,0.003289677145573211,0.0031564649618963103,0.002753539358089918,0.002623649173389725,0.0024660476987017343,0.0023974829487173888,0.0024415635337283748,0.0024823628421185573,0.0019673837544596506,0.0014021747492345416,0.0005944339266336085,0.0004765962326338802,0.00034659269352246835,0.000313436540618911,0.0003007274989101083,0.00022171065661581724,0.00020509549344939482,0.00016607590517882242,0.00011863794938053729,0.0001079133936059476,3.2855090239543305e-05,2.733274152433296e-05,5.975029125693254e-06,5.200013220019173e-07,4.1600105760153383e-07,4.1600105760153383e-07,3.1200079320115037e-07,3.123334124666144e-07,3.123334124666144e-07,3.123334124666144e-07,2.0822228918859764e-07,2.086672168388759e-07,2.086672168388759e-07,1.0433360841943795e-07,0.0,0.0,0.0,0.0,0.0,0.0,0.0,0.0,0.0,0.0,0.0,0.0,0.0,0.0,0.0,0.0,0.0,0.0,0.0,0.0,0.0,0.0,0.0,0.0
60,0.025279881971734253,0.042955492313378474,0.04470534687671779,0.04571912448678539,0.04687506872374225,0.04807539540474015,0.0627341470513314,0.0636167229171356,0.06428253080448942,0.06447080586279763,0.06434529245272236,0.06387274182601788,0.06269004755004404,0.06075476484833642,0.05756010489908592,0.053983507174144574,0.049775553455316146,0.04512979061983735,0.04077041606211562,0.03607056280351317,0.03162088472496194,0.027867753808071383,0.024750849033903233,0.022009576587668445,0.019927847942579735,0.017471669970175352,0.015428638848676623,0.014295722368234065,0.013385765480496525,0.012503840187844117,0.011671363442345872,0.010726644993894086,0.010090304381462634,0.009491503540915325,0.008489069407283889,0.008011267994087579,0.007487043124443482,0.0072600451110213515,0.006673728877033935,0.006203859943852086,0.005799014191064156,0.0053036029357073355,0.004627465323687963,0.004010443301612321,0.003242748180505073,0.00302078773378045,0.002671597867520803,0.002367751803718593,0.001925197118720967,0.0016327527887098348,0.0011821386628070585,0.001145060453727198,0.0009206118390285289,0.0008198755815168601,0.0006918503342841359,0.0005734078490060787,0.0004886527403851273,0.0004888553703366119,0.00038842786416859454,0.00034065745907430056,0.00021319965064625634,0.00021320401661761856,4.333192196304125e-05,4.33537840722753e-05,7.333080296323402e-07,6.284016849100738e-07,5.227850579103688e-07,4.1867627942338004e-07,2.0933813971169002e-07,2.0933813971169002e-07,0.0,0.0,0.0,0.0,0.0,0.0,0.0,0.0,0.0,0.0,0.0,0.0,0.0,0.0,0.0,0.0,0.0,0.0,0.0,0.0,0.0,0.0,0.0,0.0,0.0,0.0,0.0,0.0,0.0,0.0
70,0.025279881971734253,0.04236484558712572,0.04362121203555114,0.04416319480801589,0.04482458861809491,0.04578470743567786,0.06054922835960275,0.06190099208873634,0.06334991152450087,0.06497917262188668,0.06669944433078467,0.06831660471654621,0.07007084277010933,0.07196419418621791,0.0734547209375982,0.07359537485595591,0.07352481159493562,0.07148496571688878,0.0692709082115468,0.06366332006329722,0.055725053514105616,0.04743040063222792,0.03887405007957989,0.032326376024376824,0.026843772655343212,0.02306632171642664,0.020563492406648454,0.017954403131508423,0.01673436268944639,0.015578207606791183,0.014323921963614317,0.013424138083289017,0.01269766315648746,0.011563698696061941,0.010826864013040338,0.010105188708474044,0.00931141815339609,0.008590797663352662,0.008088078552554168,0.007432721982235657,0.006611539329720362,0.0061349099060348244,0.005928147879808665,0.005941975033083247,0.0053946832922465715,0.00486791334946346,0.004745326307737052,0.0045427902127463116,0.004218356972724643,0.00422229568436025,0.003899199058758837,0.003337313263575045,0.0027435558558170647,0.0017799561539519199,0.0012554123189569832,0.0009123251120083525,0.0007683128474322842,0.0006769638837971215,0.0006086846122539402,0.00044785882286912937,0.00037366088818013843,0.0003105979496036415,0.00021470972885362372,4.39676553664059e-05,4.396733541739417e-05,4.365674921316676e-05,4.344900011613029e-05,4.343506844861622e-05,4.34359535574913e-05,4.34359535574913e-05,4.333195329309092e-05,7.287779908438097e-07,7.287779908438097e-07,5.21668027886335e-07,3.1300081104745914e-07,3.1333556194113044e-07,2.0889038410132343e-07,2.0889038410132343e-07,1.0455701016098828e-07,0.0,0.0,0.0,0.0,0.0,0.0,0.0,0.0,0.0,0.0,0.0,0.0,0.0,0.0,0.0,0.0,0.0,0.0,0.0,0.0,0.0
80,0.025279881971734253,0.04279810447151777,0.04441612407374229,0.04534066558438332,0.04638609720710507,0.047517661201629036,0.062491101577424324,0.06380207497799328,0.06480659779074349,0.06580253712875384,0.0668921568818035,0.06768888967623132,0.06855999082089714,0.0683531935808035,0.06708956529849308,0.06439489047526648,0.06113432806755048,0.05663743726954862,0.05069641673192349,0.04370370520110556,0.03721703704763257,0.03164406813430953,0.027316167749642073,0.02346558301276991,0.02070507225545115,0.018586012457253553,0.016725620251022366,0.015169370459793774,0.013818823893983728,0.012586666368054944,0.01139580757721851,0.010781545435357757,0.009611862299834718,0.00905288250059829,0.008540608903725433,0.008242037059761564,0.007250043983245691,0.006920372927937901,0.00663574972823211,0.006579432862529377,0.006467656529108412,0.00617087343437428,0.006077306206982325,0.005891534015136257,0.005632674004324378,0.005436645785876992,0.004946001847004833,0.004742103442350265,0.004497424807102468,0.003359516643033189,0.0032125035934050528,0.0026306404232967484,0.002614665908189817,0.002428194972542208,0.0024042827002824785,0.000821500528293273,0.0007808330159421173,0.0006586454905524453,0.0005272977067377893,0.00047516298381483635,0.00041329963544617376,0.0004036686991506222,0.0003236562268598142,0.00023352425345235517,0.00023363165182876955,0.0002124792928452912,0.0002125806363133531,0.00017002378040553712,0.00012762989845782613,0.00012762989845782613,8.515621939864104e-05,4.2682778527591836e-05,2.0911402032197657e-07,1.0455701016098828e-07,1.0455701016098828e-07,1.0455701016098828e-07,1.0466906985584501e-07,1.0466906985584501e-07,1.0466906985584501e-07,0.0,0.0,0.0,0.0,0.0,0.0,0.0,0.0,0.0,0.0,0.0,0.0,0.0,0.0,0.0,0.0,0.0,0.0,0.0,0.0,0.0
90,0.025279881971734253,0.04245438456665784,0.0436214100750133,0.044024761170868176,0.04444133826923524,0.04516770333540476,0.06001634567853764,0.061314209087717675,0.06221273526863036,0.06331241898642759,0.06468757167721861,0.0667693683798849,0.06934812673313107,0.07115795091013344,0.07271604955723854,0.07399788054741752,0.07401334606635368,0.0719461822431704,0.0685749961152653,0.06293567221713081,0.055342084409437664,0.048059686896070986,0.04075122782035767,0.03464402873286776,0.028913561391284315,0.025431618478605866,0.022562167401382727,0.02036512976024185,0.01821718842768072,0.016846237012917098,0.01568461903297025,0.014246642243877283,0.01304929625099649,0.011894687582028718,0.011027091689850388,0.01021444473191463,0.009756321204734575,0.009339445166018118,0.008960600297158422,0.008485100386171396,0.00747236206070831,0.007293567950711621,0.0068290214981270025,0.006235175569038895,0.0059618900097690025,0.005745923778186841,0.005461754051278529,0.005272547434997776,0.004949034795563634,0.004829633836490987,0.004493950719125506,0.003973265510539947,0.00401281676291998,0.00412057891200901,0.003806963088185289,0.004092460682266985,0.0031234114546173086,0.002581605655871788,0.002748616125429204,0.0026556690540676386,0.0019265167966404373,0.0018274871556536176,0.0018070195931061406,0.001781323156721415,0.0018081603880448771,0.0011227608947332601,0.00028170705456886935,0.0002655464105600913,0.0001702677780031081,0.0001702677780031081,0.00017023068750177117,8.56714071346687e-05,4.311836789838708e-05,5.222259460424539e-07,5.227850579103688e-07,5.227850579103688e-07,2.0911402032197657e-07,2.0911402032197657e-07,2.0911402032197657e-07,1.0466906985584501e-07,1.0466906985584501e-07,1.0466906985584501e-07,0.0,0.0,0.0,0.0,0.0,0.0,0.0,0.0,0.0,0.0,0.0,0.0,0.0,0.0,0.0,0.0,0.0,0.0
100,0.025279881971734253,0.04279889529907921,0.04405435195040641,0.044719363191269235,0.04538219421316003,0.04654958898897288,0.06184497806713862,0.06345033650142828,0.06507253001853175,0.0666835113742319,0.06815808216004249,0.0704157733154469,0.0719191819691627,0.07354255193851156,0.07465246736560305,0.07512374900504559,0.07489578367035765,0.07277035157809397,0.07109456753399535,0.06515620978031089,0.05803782313808492,0.04986687011299651,0.04215324293880496,0.03578637645378846,0.030584275150328688,0.026218942079944352,0.0232646418299558,0.02036662685131385,0.018480307481438363,0.016532963283688362,0.014678211824168397,0.013404489793896857,0.012251252767359722,0.011161046475122838,0.010464652683757958,0.00967661166665934,0.0092886854655152,0.008271547911559263,0.007619121708174914,0.007392362812227882,0.007077766080235359,0.006784069821578309,0.006705288585972746,0.006489254914938458,0.006126474168228979,0.005874049425464767,0.005630652891844168,0.0050583067676424065,0.00477405483639004,0.00462487689628599,0.004236776338063408,0.003924134371023014,0.0037434234983368952,0.0036417565421529297,0.0036639381533971616,0.0033941851406877055,0.003432730096197073,0.0032775099576642236,0.0027449546718488205,0.0024686755598700982,0.0022863472122860162,0.0023391493499145127,0.0021623781084616836,0.00207351853760316,0.0018141693351196864,0.001450557300600508,0.0009612908434490919,0.0003698781953147545,0.0002850249422294837,8.31117006327986e-07,5.200013220019173e-07,5.200013220019173e-07,5.205557158660667e-07,2.0844450432377926e-07,1.0422225216188963e-07,0.0,0.0,0.0,0.0,0.0,0.0,0.0,0.0,0.0,0.0,0.0,0.0,0.0,0.0,0.0,0.0,0.0,0.0,0.0,0.0,0.0,0.0,0.0,0.0,0.0
110,0.025279881971734253,0.04266905130515197,0.04394119054195067,0.04468065304003299,0.045577164163149275,0.0466100660721962,0.061513100879310834,0.0629556939088396,0.06432754584126199,0.06540076360252822,0.06645520667314697,0.06745823122195538,0.06813705295066042,0.06926366490974556,0.06940078791847504,0.06849046783138535,0.0665167393522883,0.06286075865660257,0.059861353154392116,0.053707883605965456,0.04761022249784341,0.04184895249210818,0.03693896785153772,0.033154399213730645,0.029513801732346856,0.025975725512327852,0.023823048269898228,0.021809433956954116,0.020073462950066512,0.018934861161299388,0.01711163312059094,0.015639368990981506,0.014710421736476853,0.013767088206116718,0.012913150520548644,0.012279232396935402,0.011345650563738818,0.01064089402806312,0.009837538553652658,0.009008431848460674,0.008250424907154219,0.007956392654224098,0.007333415017556799,0.006992760434630707,0.006404596305566557,0.005877948553111523,0.0055378210638195036,0.00512349278594848,0.004717594165740913,0.004468314854503275,0.00410092195202072,0.0036445852667452705,0.003375891194602243,0.0029971127097819794,0.002297536279574741,0.0019130554494182772,0.0018211464934253518,0.0015542557615035868,0.0011053928786359246,0.0008194800651475098,0.0007328746635063554,0.0005796969519843431,0.00022384218404672418,0.00022420168436099175,0.0001711970803865981,0.0001235501428520358,0.000112820600860708,1.7376921143119617e-05,6.463582799876022e-06,2.8563011817972495e-06,2.7524134913470277e-06,2.752927353522061e-06,2.6500371886895024e-06,2.5455721547329446e-06,2.454447645960922e-06,2.3496287440138985e-06,1.9331841656367033e-06,1.9331841656367033e-06,1.8290730423586865e-06,0.0,0.0,0.0,0.0,0.0,0.0,0.0,0.0,0.0,0.0,0.0,0.0,0.0,0.0,0.0,0.0,0.0,0.0,0.0,0.0,0.0
120,0.025279881971734253,0.04235161998820958,0.04329664010367651,0.043632969592779514,0.043837075773697,0.04446530510108371,0.0587776435789098,0.059497653098496084,0.06040775719072067,0.061273638567642896,0.06294912692633736,0.06555013990066971,0.06832965090678256,0.0711008813294487,0.07426347070854722,0.07640018412208938,0.07797605663778584,0.07821697218009005,0.07694892389598884,0.07384097445845983,0.06824463044393125,0.06201003733705335,0.055272224139642834,0.04777756162283153,0.04067214563422317,0.03317009385726144,0.027530472538718542,0.022191692813490427,0.018347597842764796,0.015325952166378665,0.013793672123674994,0.012140051647046124,0.011154286111723588,0.009861127725116603,0.008553608657833223,0.0075721265880016875,0.0066402975375031426,0.006292739193798164,0.005957628713856633,0.0055472530095095895,0.005249520018173914,0.0050606281597176395,0.00495111492417441,0.004548025117686955,0.004473624457266179,0.004232847174158505,0.003990632398406746,0.0036632404733029644,0.003599028916522695,0.0036356885244388515,0.0034043854148504415,0.0030791689738705053,0.002554758204165397,0.0021819755756192216,0.0022166777055768194,0.001908616517067252,0.0014589604982523374,0.001141592426084248,0.0009577929752424552,0.0009216569834661903,0.0008670004640027873,0.0008691890852517009,0.0007775466369659423,0.0004382539379282069,0.00038456214616955364,0.00028247787565156834,2.6701375997320587e-05,1.6121758796727725e-05,5.533334748800134e-06,2.1877995279306894e-07,2.1885195525261913e-07,1.0651446905041162e-07,1.0644117609537318e-07,1.0433360841943795e-07,1.0433360841943795e-07,1.0444519205066172e-07,1.0455701016098828e-07,1.0466906985584501e-07,1.0466906985584501e-07,0.0,0.0,0.0,0.0,0.0,0.0,0.0,0.0,0.0,0.0,0.0,0.0,0.0,0.0,0.0,0.0,0.0,0.0,0.0,0.0,0.0
130,0.025279881971734253,0.042309753686956886,0.04339892959252656,0.043604434691431715,0.044258521785753846,0.04514689444976128,0.05987382733956337,0.061184089569111144,0.06256952410209005,0.06402875856334811,0.06536167263922743,0.06775025296655013,0.06924507236640354,0.07042969260147758,0.07174275337742486,0.07323774248598447,0.07295407032212209,0.07145178391246354,0.07050084642583476,0.06490458188008175,0.05764656717019534,0.0509549693523228,0.043634609650844425,0.037319351528621425,0.0316294328205764,0.027976864115970113,0.02431125426512093,0.02146624796513885,0.019049742795383295,0.01708295038572394,0.015855405158757163,0.014653275742602001,0.013792360539754744,0.012926464325236253,0.012004296554120664,0.011028253491460638,0.010479301058789248,0.0101157462197482,0.009574994312345653,0.009101707936059467,0.008319222233144519,0.007699457564353057,0.006962304293967908,0.006637248987603206,0.006300175451397008,0.006012086678931647,0.005643998892418914,0.005298719716746628,0.004699279324849377,0.004150742319519972,0.0037217392210597833,0.0033551873160103524,0.0029448792007178287,0.0021898150485604173,0.0015917570225091326,0.0012040315506314098,0.000988113019180295,0.0008150408488612759,0.0006940466657856803,0.0005870460532855226,0.0005323598778492755,0.0005275395600058963,0.0004789350204294218,0.0004213247727074959,0.0003685813601895238,0.00027479829848339743,0.00022273686104799795,0.0001282953820992902,0.00012819472474447785,8.591435138206177e-05,8.20339706719686e-07,6.162541547061196e-07,6.169013312407046e-07,5.159425876533064e-07,5.150646416041127e-07,5.150646416041127e-07,4.1335979972245696e-07,3.1100717023946345e-07,2.075584433214317e-07,0.0,0.0,0.0,0.0,0.0,0.0,0.0,0.0,0.0,0.0,0.0,0.0,0.0,0.0,0.0,0.0,0.0,0.0,0.0,0.0,0.0
140,0.025279881971734253,0.04231149982898019,0.043286899939350754,0.04367482798725564,0.04410128798975266,0.04470504621650129,0.05923889125234738,0.0604552014229367,0.06166232237772973,0.06315685160045081,0.06507377718139207,0.06759558569064761,0.06984540525758565,0.07250318837188874,0.07510787151285325,0.07759905632636599,0.07963435741809821,0.08026691404419939,0.08143428811219167,0.0791726757705562,0.07549213258674747,0.06997583822723552,0.06326730026411509,0.05682623321268476,0.04918820182515593,0.04064819359285754,0.033497355701691545,0.026833631302055183,0.022561582223155074,0.018926395411742347,0.01705904680208503,0.015398957015147374,0.01345530741103551,0.012619479344792905,0.011577216200198803,0.01060193669216547,0.010187429124369651,0.009680079265011465,0.009087337282723262,0.00904460288794856,0.008473916612196208,0.00841759362566652,0.007584996510429931,0.007306283013589376,0.007013196892619811,0.006827222433970548,0.0067055990008674515,0.00648941303465822,0.006505649678730574,0.006324984668831246,0.005521398484707896,0.005305907917247943,0.004826266733187146,0.004425606073863608,0.003939107957970367,0.0034636825160772045,0.0030189176144064245,0.0026292587341287255,0.0025816406498004943,0.001549887395779305,0.0010101668069410902,0.0006473614985753606,0.0004901658376095241,0.00037495478842686225,0.0003586357489471226,0.00030415251424065204,0.000288076881335364,2.74612179416156e-05,2.2033915084151978e-05,5.96233515193223e-06,5.675771985458322e-06,5.670053894846205e-06,3.787173568525759e-06,3.7882764445384964e-06,3.6843868258529255e-06,2.0499726645084593e-06,1.9467475738110807e-06,1.9470809036192804e-06,3.136710233775375e-07,2.0911402032197657e-07,1.0455701016098828e-07,1.0455701016098828e-07,0.0,0.0,0.0,0.0,0.0,0.0,0.0,0.0,0.0,0.0,0.0,0.0,0.0,0.0,0.0,0.0,0.0,0.0
150,0.025279881971734253,0.04209158343924313,0.04304030839860862,0.04334933344102154,0.04372315636814128,0.044285006111226766,0.058939754614399265,0.060063110175553325,0.06117396688682586,0.06244316344901368,0.06381786128887246,0.06562556580347545,0.06695112090646171,0.06911501824829291,0.07105443959919633,0.07322052709766158,0.0749373532332338,0.07521449012018167,0.07629712995968063,0.07360828549058684,0.0698784819794036,0.06447802051674678,0.05740485034270648,0.05068236537741111,0.04347351729307869,0.03617089888558911,0.030497996946852624,0.025682244392886133,0.022530857431878548,0.01979778609237348,0.01827322506857021,0.016653099521145576,0.015494580126902635,0.014218304024981032,0.013043545021079184,0.011784676073641975,0.011127745382638277,0.010640318122310699,0.010266344904143132,0.009151434757445343,0.008253699741218867,0.007639359675131768,0.007396326376035628,0.006527392625046341,0.006103441144264199,0.005761669852815621,0.005768198540193614,0.005367317406525296,0.005308966362445572,0.004910072981853392,0.005027635060166097,0.004515314966649614,0.004188908438038541,0.003924304294064027,0.0031485600437452105,0.0025852623480662335,0.0022690576872640006,0.0018976275905344814,0.001573911936028377,0.0015120988450735284,0.0012181329004546382,0.0011040668389968311,0.0009540604647738649,0.0006620120764809223,0.0004886965740708848,0.0004046394083383753,0.00030794493247213173,0.0002604804600663535,0.0001281081731547562,0.00012790082644351108,8.55181040423092e-05,8.556046329280531e-05,7.26907132625465e-07,6.226077522153428e-07,5.191396326431619e-07,4.1536040387701867e-07,4.1536048162038597e-07,4.1574119938325715e-07,3.1251610868587854e-07,3.131835072667233e-07,3.131835072667233e-07,3.131226085362204e-07,2.087890143276372e-07,2.0895128284570408e-07,6.089874438064413e-11,0.0,0.0,0.0,0.0,0.0,0.0,0.0,0.0,0.0,0.0,0.0,0.0,0.0,0.0,0.0
160,0.025279881971734253,0.04208180065948741,0.04293270979840558,0.04310379701889033,0.04339749863648601,0.0447751955084299,0.05803129337963098,0.05912106651462912,0.0598757163463457,0.06116492023001929,0.06330199262826985,0.06546903463931963,0.06808529265641994,0.07116189623957458,0.07417338945611918,0.07615721592699098,0.07813664906425943,0.07883706927650369,0.08101354172693309,0.08097298118842833,0.07787364950937725,0.07414270068445372,0.06907643702274324,0.06345475396997213,0.057049136010168366,0.04989350961287786,0.04326330731632577,0.03710356102236667,0.031179574694158996,0.02664299344217058,0.022759671303812845,0.020172606181111385,0.018035129027034413,0.01619558826713874,0.014861235948912366,0.013749611459723532,0.012534372113444714,0.01176464498623625,0.01120979869877231,0.010514063427746134,0.009731176782745765,0.008945813175270156,0.008532495723902911,0.008126877034530355,0.00777696934288305,0.0074038458750453895,0.007054088650840062,0.006561483372911986,0.006137956037852332,0.005195924080881292,0.004783035749939074,0.004315133436822105,0.0037149997455451778,0.003320705052442502,0.0031195727457389577,0.002744774649696566,0.0023701611950739665,0.002074092093596172,0.0018372356082722863,0.0017562145401078116,0.0015247129790711966,0.001472552116143444,0.0012158628993680365,0.0011229613291402485,0.0007203002570910222,0.0005397287967255915,0.0004399354033954028,0.0003193608970539219,0.0002451477164888971,6.917280817389515e-05,6.383522273539777e-05,2.717188199441445e-08,2.0350993251705418e-08,1.952179007336241e-08,1.2660000631159463e-08,6.1527374306535876e-09,6.1527374306535876e-09,0.0,0.0,0.0,0.0,0.0,0.0,0.0,0.0,0.0,0.0,0.0,0.0,0.0,0.0,0.0,0.0,0.0,0.0,0.0,0.0,0.0,0.0,0.0
170,0.025279881971734253,0.04211970837462953,0.043095628702177535,0.04357640635002902,0.043908328959745946,0.04462096984813102,0.058976646094069274,0.06003107930401885,0.061131144051698616,0.06259469578522103,0.0646390323310051,0.0668727241097753,0.06897029380953201,0.07076297185805247,0.07251315405400449,0.07380825674317393,0.07437496327985715,0.0743929645858481,0.07376935869732026,0.06927540224711315,0.06301037249716579,0.057471448922472135,0.05041631036244687,0.043499931806804115,0.036117380337522764,0.030715458537855067,0.026578529106356275,0.02278987869541671,0.01985628593505362,0.017472886867022863,0.015782215317356185,0.014476913110701983,0.013957243590307145,0.012695137061887074,0.011748820801170595,0.011127270670912598,0.010609772015986674,0.01013853462631803,0.009509199564157828,0.00908284954830188,0.00872899021889123,0.008322163570301355,0.007969619055420513,0.0072631528391989,0.007225368620222258,0.006922724331966501,0.006698390232080131,0.006584656485362772,0.0061505298573500955,0.0057784444476932095,0.005443294896293027,0.005230811034829919,0.0038783013339454553,0.0035001851540800155,0.0029741941574155106,0.0028963798504142435,0.002708450969477527,0.0024824033616252794,0.002227523942775478,0.0018571927635735175,0.0016774063222596003,0.0014771910685439649,0.001343055582595537,0.0012407242587706424,0.0011277710846004235,0.000998622716791575,0.0008644753111903825,0.000849234754992878,0.0005773990099466886,0.0003412204063453217,0.00025220528787706087,0.00016866535566073537,0.00012652818377212327,2.1605487354747765e-07,7.629394005448376e-09,0.0,0.0,0.0,0.0,0.0,0.0,0.0,0.0,0.0,0.0,0.0,0.0,0.0,0.0,0.0,0.0,0.0,0.0,0.0,0.0,0.0,0.0,0.0,0.0,0.0
180,0.025279881971734253,0.042472564784298394,0.04336971158941327,0.04356941846376672,0.04374501214447557,0.04441864308929189,0.057979453846519924,0.05917566468328461,0.06045006123466701,0.06205138306164071,0.06387175767749098,0.06603692548305329,0.06826246173536843,0.07052864267392867,0.07320171788114349,0.07571007835981569,0.07724962514534828,0.07805570112503091,0.07973353323024535,0.0783295090111773,0.07673007227794959,0.07323552187632099,0.06813774681175655,0.06177281445172533,0.05403993258385009,0.04523678251643748,0.03784507262068493,0.030953576522640747,0.02564690579269291,0.02130972123717878,0.018448142309297366,0.016721479747058843,0.015318476522192814,0.013718888833987752,0.012582459489351883,0.01204046806655476,0.010945009315585008,0.010155809310045394,0.009645806125029466,0.009097221951149564,0.008211354806703042,0.008102777653946874,0.007751024435283499,0.007225457315956474,0.006428878019206247,0.006213038637133211,0.005767331006607146,0.005544839872648311,0.005009341817776958,0.004590358243294235,0.004160351411762797,0.0037832213212466437,0.003613988738149443,0.0030090678317064856,0.0026923214368200776,0.002494673271849046,0.0024723478112970154,0.0023761451299968983,0.002195915459761666,0.002061657727622901,0.001863134888613227,0.0016741353949667193,0.0015949422397503743,0.0013357754860765653,0.0013556344511233276,0.001160489735911957,0.0011326489284088428,0.0010787552546993526,0.0008680827123939139,0.0006325822137731585,0.0005885649065460186,0.00031531267743023506,0.00024041589589351986,2.538174115329639e-08,1.3519043662313379e-08,1.3540113918963925e-08,6.043085143403459e-09,6.043085143403459e-09,6.067112590102397e-09,0.0,0.0,0.0,0.0,0.0,0.0,0.0,0.0,0.0,0.0,0.0,0.0,0.0,0.0,0.0,0.0,0.0,0.0,0.0,0.0,0.0
190,0.025279881971734253,0.04249338729818608,0.04297546138292341,0.043173816589947345,0.04330795882411831,0.04379388027304443,0.058148343206608555,0.05902311312235975,0.06012469246372243,0.06135683213698084,0.06283692566843646,0.06461150028909479,0.06677481877635039,0.06927781524652898,0.07167835765590258,0.07357974323516348,0.07601040490365274,0.07797425597840402,0.08067987333034887,0.08017498153621894,0.07809902612865027,0.07450197468396791,0.069212701865768,0.06274846767829123,0.05565373229802373,0.048699887424090704,0.04220414847729548,0.036332716296765266,0.031138030429548547,0.026315169808651007,0.023339941686827625,0.021222593197513184,0.018749864517980885,0.017493462054886777,0.015736982162766866,0.014287744587858642,0.013351872873639037,0.012450490526782376,0.011427781275536564,0.01099964449405788,0.01044220120286754,0.010027240886668842,0.009607554440822508,0.009523658274212865,0.00936129821381737,0.008871022629051373,0.008962660365879449,0.008714425845950169,0.008451654925174745,0.008370796271840009,0.00799592519663106,0.007663225319308187,0.0077280884857492405,0.007259686763238571,0.0072079515931063876,0.006422311726490021,0.004642064356715908,0.003909207720346253,0.0038734364815901923,0.003631174538061277,0.003568769858784737,0.003142493983528505,0.003102270230549431,0.0026475492567928915,0.0025795820769320965,0.002363452017477785,0.002170516616663676,0.0020154178127810285,0.0014323860999659876,0.001176518881277594,0.0006143839971413378,0.0002581280664744334,0.00017306148860374293,0.00017137723739413246,0.00012851125060642232,8.564188308746168e-05,4.1778076820264687e-07,4.1778076820264687e-07,2.0911402032197657e-07,2.0911402032197657e-07,2.0933813971169002e-07,1.0466906985584501e-07,1.0466906985584501e-07,0.0,0.0,0.0,0.0,0.0,0.0,0.0,0.0,0.0,0.0,0.0,0.0,0.0,0.0,0.0,0.0,0.0
200,0.025279881971734253,0.0421500302635589,0.042960543044622934,0.043184391447643744,0.04344348678279086,0.04402409603441959,0.05779711915692021,0.05901500495847922,0.06026136458634612,0.06177862817698676,0.06375148268038022,0.06572329685112566,0.06783598898747645,0.07078256715967401,0.07379620456826763,0.07604561861529846,0.07748503449091038,0.07774613891984261,0.07752341492346693,0.07452288676763286,0.07074227342799833,0.06481954806628676,0.05781255807554553,0.049361101881829406,0.04213892726546464,0.03559617713089358,0.031110996841324456,0.027059405158842087,0.02412999151284706,0.02154758347557667,0.018701223255448624,0.0169094528344316,0.015314073721606314,0.013811228529365033,0.012789234074783024,0.011556509338726095,0.010461682556516111,0.009654740791671251,0.00886779260102899,0.00833434909804498,0.007957876072441722,0.007615583173847293,0.007008124844884528,0.006459192970311833,0.006038641665039979,0.005544956935075451,0.0049700007201742,0.004766479221718925,0.004342005055139014,0.003910877401001711,0.0037779125965380356,0.003408526659512877,0.0029765094337863146,0.0023592782195570178,0.002183979610712511,0.001913982925529259,0.0014619195631346282,0.0013281199627654255,0.0011287360057408713,0.0010460209830996242,0.0009095159741433212,0.0009039351081456815,0.0008049355765589183,0.000720724938906514,0.0006353085116628243,0.0006350255939091554,0.0005934321769247575,0.0004557630464447904,0.00041386791960196234,0.0002871413133980205,0.00024353235374374727,0.0001385072653592445,0.0001385926587508246,9.591892135341062e-05,9.617522414373525e-05,5.3567003419630055e-05,5.349787994646249e-05,5.356532443556716e-05,5.349544727550892e-05,5.353016496201235e-05,5.356403818268518e-05,5.3459592976423664e-05,3.136710233775375e-07,2.0933813971169002e-07,2.0933813971169002e-07,1.0466906985584501e-07,1.0466906985584501e-07,0.0,0.0,0.0,0.0,0.0,0.0,0.0,0.0,0.0,0.0,0.0,0.0,0.0
210,0.025279881971734253,0.0416868128399126,0.042447056937885974,0.04254897861328644,0.04269614353529816,0.04316052461908293,0.05678546262620965,0.05782816838146809,0.05911078009648629,0.06052085409465979,0.062353288112129146,0.0647845956197517,0.06659672423983509,0.06844185973554717,0.07022920634208574,0.07163653394737168,0.07337011905644175,0.07510284045982285,0.07775881437254939,0.07874820566230722,0.07923351965133918,0.07790688836612603,0.0755452409355386,0.07177668865071407,0.06690522546060373,0.059741682577095556,0.051998181456825776,0.04464864969042326,0.03826600199671404,0.032357290342228895,0.027315906308603477,0.023902364282769817,0.02109955430053867,0.018659858807109964,0.016966131596129308,0.015784913746493656,0.014802162897542145,0.013898302371837146,0.012821449631027104,0.01215418627282655,0.011683960481292638,0.010806425628359595,0.010228490256786876,0.010014547324636969,0.009321865854143158,0.008905767859538075,0.008744530067497716,0.008587128919350734,0.00828018019439522,0.0077102791203054605,0.007186337722691269,0.007078595429212409,0.006699504040115406,0.0065195936006053196,0.005861928963400959,0.005266607236735554,0.00471848522196161,0.004529993304151825,0.004191355216592085,0.003988839223352358,0.003679347675538125,0.0036174169777439813,0.003209267500641877,0.002314325130175543,0.002117816786574689,0.0019570492513980575,0.0018925847402070928,0.0014680533988327693,0.0009128505081275329,0.0008287840010629266,0.0007811716383830936,0.00035441670490043986,0.0003645152001422458,0.00019148828560369702,0.0001940890293975761,0.0002062820210384786,1.3564582482389342e-06,1.0433967800177468e-06,7.31177064658417e-07,5.222259460424539e-07,2.0889038410132343e-07,2.0911402032197657e-07,1.0455701016098828e-07,0.0,0.0,0.0,0.0,0.0,0.0,0.0,0.0,0.0,0.0,0.0,0.0,0.0,0.0,0.0,0.0,0.0
220,0.025279881971734253,0.042477249565382125,0.042975359281692604,0.043277399422064766,0.043777470370912175,0.04440685484148488,0.05868468192561904,0.05977183457149482,0.06069636791319066,0.06189645030828883,0.06331783785564138,0.06514535067218774,0.0666647901179529,0.06827854734612071,0.06985171624394804,0.0719212273975538,0.07369074934260622,0.07566805049153813,0.07790496406462166,0.07936315588745835,0.07989308391518213,0.079038799613381,0.0774365114080302,0.07324374602127781,0.0680832528258195,0.06102860847450642,0.052934220681490896,0.045090597067787286,0.03718313479933055,0.03082556630372102,0.02571512284456756,0.022179649288495473,0.018851224349307694,0.017010978278033745,0.015750975990122068,0.014396096819773788,0.013551278234317836,0.012870460517880704,0.01231324938199374,0.0116859892447716,0.01133261263424612,0.01075595899960935,0.010215227829315277,0.009506693303668823,0.008992796309365336,0.00869868037917032,0.008406622209019665,0.008120490858690432,0.008078021244092959,0.007445381707691379,0.007234212339559676,0.0067795226335001235,0.006476376400634809,0.005523039964563825,0.0051136601691862404,0.005134078036009293,0.004827685441552099,0.004851723619950898,0.004318993349822969,0.004146559219812218,0.003728265179580914,0.0036732134283390394,0.003427778005093085,0.003396217435842619,0.0032124657303791437,0.0029609805321291205,0.0029136986688995115,0.0027543638358791533,0.0026559112927128647,0.0025324774110702386,0.0025200540789893644,0.0023659591286770976,0.0022226623486858443,8.579187715440639e-05,8.588035052525811e-05,8.567378358748101e-05,4.3222556087130215e-05,6.233377689568442e-07,4.15558503163993e-07,4.1600105760153383e-07,3.123334124666144e-07,2.0844450432377926e-07,2.086672168388759e-07,1.0433360841943795e-07,1.0433360841943795e-07,0.0,0.0,0.0,0.0,0.0,0.0,0.0,0.0,0.0,0.0,0.0,0.0,0.0,0.0,0.0
230,0.025279881971734253,0.0426788573848097,0.043579952064149774,0.04409896114392042,0.04472423830387706,0.04559866666024037,0.06018701929971515,0.061549240197976696,0.06295566740989633,0.0644171836423475,0.06628459067280801,0.06855955831870908,0.07086954030983716,0.07338155306596561,0.0758779270799732,0.07935380817457105,0.08225424552863148,0.08406574524667065,0.08623260054384652,0.08685036612210961,0.08527613408261137,0.08323388715940383,0.07961000939435658,0.07482928905243513,0.06891285879746123,0.061138354794748384,0.0534548853683241,0.04598868924239019,0.03908896432581721,0.03339398326571308,0.028459097961029522,0.024585213605732625,0.02083561244973997,0.01869460604525608,0.01718011781098583,0.01603521590273782,0.014801368956874394,0.01397338835839107,0.013416928271294926,0.012600641302454085,0.012284534503676836,0.011519330765380809,0.011050563107115052,0.010627698616702153,0.010469343273237952,0.010166080583438541,0.009988986514201492,0.009735024040657403,0.00964699297381938,0.009349992517394212,0.00917641194907598,0.008875075655962628,0.008753006863126966,0.008520270538113661,0.008440632697663708,0.008473848143763507,0.007991033009135395,0.007741720983350464,0.007547405728844991,0.0069467513809619574,0.006259781239248696,0.005478650409381086,0.005273453195464517,0.004314921249688908,0.0038906062130866226,0.003489187112852482,0.003222281715399261,0.00294771083124791,0.00203653648004698,0.0018890524268857511,0.001029182036248466,0.001048893239427695,0.00026958265664078773,0.00013664872921392845,8.137556845400074e-05,2.8161085034672517e-05,5.227850579103688e-07,4.1822804064395314e-07,4.1867627942338004e-07,4.1867627942338004e-07,3.1400722377838974e-07,3.1400722377838974e-07,1.0466906985584501e-07,0.0,0.0,0.0,0.0,0.0,0.0,0.0,0.0,0.0,0.0,0.0,0.0,0.0,0.0,0.0,0.0,0.0
240,0.025279881971734253,0.04215565012483036,0.04311060644149911,0.04343301862661586,0.0436995450198181,0.044160884462253636,0.057971956347344644,0.05897797814686889,0.05994416722249807,0.061100762377663154,0.06267322912356454,0.06463514901161327,0.06650555208095899,0.06859540914011886,0.07054316125763238,0.07241370605188147,0.07433790721651179,0.07578801317700146,0.07823797899714746,0.07931753689395782,0.07988763167921609,0.07925110951313963,0.07782310835008688,0.07531021003510752,0.07174336467953357,0.06726881315272104,0.062006596028020944,0.056061861471306096,0.049595212400587174,0.043269734108006164,0.03817012045821877,0.03349305470306774,0.028610605429391145,0.025130668866386652,0.02248388569435672,0.020336247215207992,0.01907207588517852,0.017844378958772764,0.016419861783571476,0.014883589209151005,0.014316003509407427,0.013735040952695066,0.012885208229981515,0.012217265619314244,0.011963514488500415,0.01132593119359071,0.010986021366393484,0.010712553932507918,0.010499868227580755,0.009448930599681077,0.00883418797450991,0.00821300039275702,0.007561615303942393,0.00705246100288659,0.006330525727334058,0.006089577805525215,0.005524387917041795,0.005201444619277684,0.004676689599366568,0.004259754981651376,0.003926743100648444,0.003604791997088269,0.003130350184084668,0.0025196995062169714,0.0019455864208222928,0.0015205327640651356,0.0011788135454323737,0.0009424623127839496,0.0007798103233787046,0.00048468889268926674,0.0003474531130178704,0.0002408962164355266,0.00018721992236248042,0.00010231196207177717,4.2478026796022306e-05,7.330746232270258e-09,6.641556637987378e-09,3.8563086057763485e-09,1.4128508363242531e-09,7.064254181621266e-10,0.0,0.0,0.0,0.0,0.0,0.0,0.0,0.0,0.0,0.0,0.0,0.0,0.0,0.0,0.0,0.0,0.0,0.0,0.0,0.0
250,0.025279881971762674,0.04210454521418561,0.04309167142648518,0.04341026178557983,0.04382768059530573,0.04473720051396368,0.058661389848855494,0.059911934083801466,0.06132526615446432,0.06327121821931336,0.06545564170850193,0.06771698769458379,0.06987737975001806,0.07186202237235428,0.07381596926008416,0.0752442907657318,0.07635374718150234,0.07704243084373674,0.07921478639823554,0.07869572348547038,0.07654221482165258,0.07296776727520937,0.06775559623981642,0.0616480657654912,0.053809512621794564,0.045744374764725704,0.03878092320134385,0.03265058836137236,0.027887361508560415,0.023605826982103673,0.020245528583752503,0.018083253681369427,0.016168250566002462,0.014669570239659868,0.013196982027681048,0.01224206108099446,0.011437859458205857,0.010754388315054264,0.009980021873984446,0.009481528126944583,0.009087090837479855,0.0085120440263671,0.00821294694912783,0.007759394345491166,0.0074609492017818635,0.00726578703537703,0.007030027576992837,0.006810236877305087,0.006772231043605789,0.006755932472690629,0.006516631307673326,0.006487598798468053,0.006417795591845188,0.005217197551998676,0.004710857264233814,0.004345285828604495,0.004204297539566304,0.003874382623527961,0.003529315635083463,0.0032095941095668934,0.0030896261991266716,0.0029584581495944035,0.0027961528818916115,0.0026809042694475593,0.002504259462666969,0.0014724778959144952,0.0013489419798137225,0.0012363034513747095,0.0009023281583839804,0.0007227915281156072,0.0006817182982761238,0.0005206476641532731,0.0003563521892093746,0.00033197730162282113,6.490514422363702e-05,6.41313438025648e-05,6.235248465991106e-05,5.597233493270792e-05,5.487805162773807e-05,5.4082684811773696e-05,5.3803512059857894e-05,5.3596175348502584e-05,5.3492507703367664e-05,3.123334124666144e-07,2.0822228918859764e-07,1.0411114459429882e-07,0.0,0.0,0.0,0.0,0.0,0.0,0.0,0.0,0.0,0.0,0.0,0.0,0.0,0.0
260,0.025279881971734253,0.04202687743412081,0.043015556271433275,0.043313444554429426,0.04347516052783762,0.0441998283463807,0.05809160460736296,0.05893753992258555,0.05999307342860938,0.06136151143240487,0.06293720914624856,0.06509228223867547,0.06668825650364862,0.06817189520171807,0.06940112086261263,0.07054921780562862,0.07204085453683229,0.07285274490565952,0.07572859048821945,0.07619634092532568,0.07618763581080645,0.07408666450912982,0.07132233343581951,0.06708423758930282,0.06192539565420807,0.0563278090853121,0.0492568760678731,0.042524763357312256,0.036340155754645,0.03062032419199201,0.026262478185125837,0.022520774551196387,0.019573418739319393,0.017362983225087114,0.015777194800394634,0.014993549346345891,0.014130608530772193,0.013182667803281867,0.01235853783350288,0.01177980523980332,0.011215572270317498,0.010429312490041476,0.010088138751936981,0.009498540288085167,0.009323896589888081,0.008996705499482449,0.00839567346940101,0.008116763740502353,0.007837139561412798,0.00747767016098394,0.007073852426050409,0.006580031367753536,0.006200771527636151,0.005193088815409974,0.004798707411630021,0.004587571674870394,0.004065332886778239,0.0038341315850968227,0.003560199720954893,0.003125676113775455,0.002727598790177699,0.0024882096250888885,0.0022746266519594327,0.0019901644818828557,0.001754774720130442,0.0013270833908680668,0.0013245161355234514,0.0010880063292081077,0.0008573028724874476,0.0007733308548422413,0.0006163454243180572,0.00036860287078817333,0.00027430979485672247,0.00017942930952252745,0.00013740253655725176,5.2912026910822973e-05,5.29785919843595e-05,5.3045681617902574e-05,5.304568190933612e-05,5.3113297383444724e-05,5.3147109724815955e-05,5.3147109724815955e-05,8.523103334212578e-10,8.523103334212578e-10,7.914310318213325e-10,7.914310318213325e-10,7.914310318213325e-10,7.914310318213325e-10,7.914310318213325e-10,7.914310318213325e-10,7.914310318213325e-10,7.914310318213325e-10,6.696723731103305e-10,6.087930715104051e-10,5.479137699104797e-10,5.479137699104797e-10,5.480886855480094e-10,5.480886855480094e-10,4.262911690311455e-10,3.653924385282892e-10
270,0.025279881971734253,0.04200368825348777,0.04289082941627764,0.04309380521154127,0.043476796961397834,0.04400582417683552,0.058534922923599186,0.059441314768694076,0.06055098300108952,0.06174155500403833,0.06284467341429756,0.06444914211344144,0.06576398137225614,0.06715973516955431,0.06833438079637233,0.07013583831318781,0.07205953338428661,0.07357519695738213,0.07646141052353062,0.07815550392904802,0.07909370375126756,0.08008512066813944,0.07969320089927634,0.07796393730548346,0.07562187857840885,0.07165128547682942,0.06672328310735054,0.060577274099985035,0.05350409774045972,0.045299753931786535,0.03813967814155372,0.03082269793892678,0.026073634499287235,0.022523254476532695,0.019301051089391286,0.016911503035045072,0.015075431167458686,0.013453812395859799,0.012195102608421937,0.011159180216095577,0.010524093941041701,0.00995000598395862,0.009433322485276174,0.0088603084752239,0.008236478555026044,0.007832713659900598,0.007353969267376914,0.007035003346478996,0.006770307395158437,0.006330606659762039,0.006120250360650281,0.005433485135682564,0.005013931221394818,0.004737283978716353,0.004559770561279736,0.004026774840847569,0.0036094849064197687,0.0033269063872848476,0.002981796162926875,0.0028120087566972096,0.0024193193408701685,0.0019484843340177027,0.001845362982660248,0.0016623605767507321,0.0015415649597323444,0.001253111325687506,0.0011459691989759158,0.0010566061478760602,0.0007069971757074356,0.0005652167935648045,0.0005493988906812852,0.0004439441530883492,0.0004017297665437347,0.00035944938375553903,0.00026435902624832863,0.0002221105585378247,0.00013758457733326068,9.533788500037943e-05,5.3014876161050495e-05,5.3081365771756595e-05,5.307996590420139e-05,5.31123841938097e-05,5.31123841938097e-05,5.31123841938097e-05,0.0,0.0,0.0,0.0,0.0,0.0,0.0,0.0,0.0,0.0,0.0,0.0,0.0,0.0,0.0,0.0
280,0.025279881971734253,0.04191193110304703,0.04258938494436637,0.042796373974669066,0.043162424151780066,0.043662955925672264,0.05698178452863689,0.058064542956890675,0.05876081864608507,0.05969225429865688,0.06084776712880102,0.06201729824226909,0.06322777949853142,0.0644547457093414,0.06570302431965303,0.06692322334548528,0.06818984866642364,0.07004317015647454,0.07238336685899371,0.07361856319544025,0.07540360069693341,0.07675830300462105,0.07762368608911663,0.07702674854166625,0.07553438643652699,0.07263645440194466,0.06878969228320186,0.06283626185961899,0.056059544751618895,0.04752577442368777,0.040018218760102864,0.032851715923839786,0.027963246941729247,0.023936055826747904,0.021107683185468268,0.018351098303628965,0.016930594651437827,0.015504648011500755,0.014670623014611556,0.01416964326360487,0.013702856434772315,0.013294515705089577,0.01291575732954195,0.012377849188564966,0.011931174549286716,0.011421725466512545,0.011214186294370876,0.011186173231141794,0.011159292872402471,0.010669246432381208,0.010253581756916041,0.009651867897427113,0.009155491801236426,0.008019397859144295,0.007029651864145059,0.006507623507854499,0.005965378016056455,0.005314816730939365,0.0044417381720813776,0.0037304696953647243,0.003140474080731037,0.0028475690329564374,0.002726097552251061,0.002416206136557686,0.002023670285859258,0.0017930275476509341,0.001483087686301933,0.001181783957926695,0.000957233392869572,0.0008642721942941911,0.0007455199063861606,0.0005991365082980149,0.00044434424619654855,0.00034070658171603263,0.00029832561609005603,0.00025445363281001443,0.00016963528469204903,8.481764234602451e-05,0.0,0.0,0.0,0.0,0.0,0.0,0.0,0.0,0.0,0.0,0.0,0.0,0.0,0.0,0.0,0.0,0.0,0.0,0.0,0.0,0.0,0.0
290,0.025279881971734253,0.041827089223007374,0.04273035329799879,0.04296949236193459,0.043259744376824116,0.044007390719085215,0.057662882681376315,0.058761371113270844,0.05988543785971445,0.06132585889812048,0.06279937578536532,0.06450632400085765,0.06595166048985024,0.06760505852094845,0.06959899036005002,0.07155329520705123,0.07369476864212698,0.07629758337488268,0.08071781338188444,0.0830546732224633,0.08432100313889945,0.08547995162520361,0.08541544346496321,0.08486880461732071,0.08208298081122312,0.07853414464897668,0.07385072749510502,0.06698634015762961,0.05954710347385417,0.050672170240919634,0.042553595965354574,0.03526290892398065,0.02953410792318617,0.024157669102996326,0.021092743038045758,0.019311847602811183,0.017743509714151146,0.0166916564478142,0.015718692994037685,0.015003632102192216,0.014379536740701762,0.013727734722084925,0.013345715244088951,0.013105961234277465,0.012738860056010742,0.012674284677647779,0.012476216944033024,0.012430607829062267,0.012579819495734473,0.01242928160018808,0.012560723785947747,0.012902765144467754,0.012264614970154852,0.012285545877761761,0.011953320780236976,0.011739419173516119,0.011134626757835664,0.010987616820336006,0.010790730212621627,0.009870493520708346,0.008983419358696176,0.007941551938862701,0.00766413908400132,0.007338344858767165,0.005849493571952191,0.00475598825781276,0.004200704798058119,0.0027864131223025446,0.0023922278886399084,0.001578967671022724,0.0012264802901125194,0.0008816939504274757,0.00048354763295677117,0.00046652825404347453,0.0003413097777569263,0.00021345772434733234,0.00017661956054881855,5.577982676863158e-07,4.5549906804720486e-07,2.440415071414126e-07,1.0323070398499112e-07,0.0,0.0,0.0,0.0,0.0,0.0,0.0,0.0,0.0,0.0,0.0,0.0,0.0,0.0,0.0,0.0,0.0,0.0,0.0
300,0.025279881971734253,0.04214088346649125,0.04308556616488102,0.043306691121974605,0.04364499011269052,0.04413574873725978,0.05761692688950282,0.05843391679164389,0.059256441046019015,0.060105375581309906,0.06174763746787448,0.06336505343944854,0.06456244657766441,0.06629237375102237,0.06764348300442835,0.06901942311566045,0.07027570714036147,0.07181321769995397,0.07463882628795804,0.0752241323641687,0.07561742945027805,0.07599411762871511,0.07453059918027516,0.07206360215955776,0.06838997888368459,0.06357556096230832,0.05757229464673497,0.05090200303161341,0.0445973166064253,0.038710109843438145,0.03314568232646775,0.028949830392926534,0.025204650365785897,0.02276194095850581,0.020692914140038376,0.018670825889286036,0.017273385419512288,0.016585512392192803,0.015554157570857707,0.014845534709334529,0.014627748040592636,0.014261355474622761,0.013835619294678053,0.01318907700647029,0.01273485681707931,0.012474706457600584,0.012074587464778713,0.011733739913205074,0.01112752290986907,0.010596727791942984,0.010330936396810042,0.010004781322217826,0.009492303109986056,0.009366134150035066,0.008935790882919292,0.007871577005651442,0.007566616883404209,0.00746205941267819,0.007262305656686063,0.006598193317037704,0.005873249306131034,0.005301468691625122,0.004908575939265275,0.0043140787626752,0.003709370702805276,0.0030241514117109874,0.002696241830899407,0.0021676087861837168,0.0017471602281310394,0.0013134815816136236,0.0009178695474865717,0.0006860526608115092,0.0004588919082171572,0.0002674745052715366,0.00013465012186306136,7.0272225711209835e-06,1.710090271056508e-06,1.39489963402184e-06,1.2725646030276039e-06,1.0584608567398845e-06,4.2877491335246987e-07,6.1901781478468365e-09,0.0,0.0,0.0,0.0,0.0,0.0,0.0,0.0,0.0,0.0,0.0,0.0,0.0,0.0,0.0,0.0,0.0,0.0
310,0.025279881971734253,0.04131992113121352,0.042442129441055854,0.04284970779816244,0.043358013010694973,0.043976286876937776,0.05804019537963634,0.059155903214673344,0.060238373530886236,0.0616033390551185,0.06319314933529974,0.06531931573011196,0.06755998867224178,0.06969603800134538,0.07166619937078478,0.07308847783288264,0.0742628171847084,0.0757886029092587,0.07789302686426103,0.07867919288498837,0.07839515812859887,0.07713127184569535,0.07500894928338009,0.07223233751017877,0.06808528107534673,0.06317922518550478,0.05872019570088849,0.05204833748190474,0.04474775126580055,0.03837909569936149,0.03303968679973379,0.02879607343781221,0.025266218285825037,0.022549255531670753,0.020347483565150315,0.018503989155589207,0.01721134287033549,0.016595937395572302,0.016013563949373477,0.015407160143966564,0.01466280521589218,0.014304191152339094,0.013753470185014688,0.013484221687055792,0.012828301856920778,0.012360886688110216,0.012032553148000183,0.011535093560715998,0.010896473340251137,0.010614174199191771,0.010159364766277865,0.0098931946914467,0.00944901989020952,0.009127307463460022,0.008542356673022944,0.008061342429418028,0.007431793733987835,0.006792752255319445,0.006072572444950297,0.005522199958494234,0.00501977408679774,0.004558123336945968,0.004150051885838779,0.0036720284040240025,0.0030639046214579607,0.002337108916141653,0.001992757308385204,0.0018927152823163124,0.0017024871016300125,0.0010559156529521552,0.000836896119127406,0.000623093019665788,0.00030256971963016355,0.0003013897116543873,0.0002164321669071434,4.657989621859038e-05,3.3136992787508035e-06,2.485766988358229e-06,1.3674307209887715e-06,5.616689843224165e-07,5.209079501633518e-07,5.220205877010109e-07,3.1300081104745914e-07,2.0889038410132343e-07,0.0,0.0,0.0,0.0,0.0,0.0,0.0,0.0,0.0,0.0,0.0,0.0,0.0,0.0,0.0,0.0
320,0.025279881971734253,0.04132824002590085,0.04242298962703828,0.04276377868007142,0.043101998623903404,0.043882615877062214,0.057158382368608374,0.057912678036391,0.05931662991232822,0.06071063081761774,0.06239799224173259,0.06420019427469348,0.06529316285670816,0.06668819313183616,0.06795275960729175,0.06952552586931549,0.07085805216770114,0.07258522568591896,0.07514476205583454,0.07530797438570569,0.07536457412051556,0.0745255620352554,0.07275654802592846,0.06965495561208224,0.06467811264755285,0.058051653966090466,0.05195195691382937,0.044456269728277764,0.03758799395096912,0.03254367661482371,0.02844939872284935,0.024752592366444337,0.021835353882902142,0.02029535922028025,0.018496151732793453,0.017226663450414015,0.01602509976243216,0.015320346079678804,0.014618845438521544,0.01427172729829107,0.013617239824861516,0.013337788853634513,0.013040708551715352,0.012749495990549697,0.012494281390857787,0.012209933917924187,0.012101111139367293,0.011944509297153572,0.011608611618861842,0.01123188624808058,0.01108355007043843,0.01102748217632743,0.01061985639470997,0.010509302221828443,0.009661116187871688,0.009278429361877616,0.009115195965804679,0.00802111731234878,0.007364074686779354,0.00720351019372012,0.006300120371701579,0.005814726430780404,0.00519061778285318,0.004829880366725325,0.004583480511463428,0.004270876162107806,0.00403102572995967,0.0036394378007315042,0.002138680446758079,0.0017729884676279117,0.001582629180433226,0.001201877420057118,0.0010644788927828275,0.0008905932104201486,0.0007213249490286289,0.000721692374869562,0.0005518764400368539,0.00038245800800496693,0.00021258509053723867,8.503406837690602e-05,4.251700374879874e-05,0.0,0.0,0.0,0.0,0.0,0.0,0.0,0.0,0.0,0.0,0.0,0.0,0.0,0.0,0.0,0.0,0.0,0.0,0.0
330,0.025279881971734253,0.04141723020477528,0.042468994276131045,0.042861883105675735,0.04327853622333078,0.04401816621818866,0.05738138081284738,0.0583262478995068,0.05921051105158792,0.06000447030133316,0.06084713508285944,0.06189338506015618,0.0628734241031712,0.06395332507126938,0.06505007197396395,0.06647535372048097,0.06803720782875944,0.06994306559820584,0.07363874699479989,0.07515016682790043,0.07658212519305518,0.07735295450155455,0.07781755241446953,0.07806808750691507,0.07743759034980768,0.07633637418172556,0.07630434588364587,0.07250440278889236,0.06667705968782989,0.05911112075570468,0.05029709845917063,0.04161449714515242,0.034536829228573485,0.02717878814628505,0.02120122769643784,0.017498941375807098,0.014344020422441428,0.012023350918556164,0.010512245581080326,0.009267499948666574,0.007909638558520116,0.007408651429621355,0.006642138338642328,0.005922234796999534,0.005216567946620926,0.004623505532418054,0.004253461150860005,0.003971749066132624,0.0038819672631604796,0.0038511524203319603,0.003915855424543757,0.0037982917834724628,0.0037871593050959884,0.003746064282178496,0.0036558790216617565,0.003533255978537597,0.003197707227814983,0.003168000719824149,0.0031689665471723028,0.003293872180898605,0.0031079156440811107,0.0031642229284101764,0.003187037364654338,0.0025357714323796243,0.002631632573179138,0.002621857670515107,0.002875749115907142,0.0025057409839295275,0.0021608944126962903,0.0021972872943187838,0.0017572519380655294,0.0013421439617493647,0.0013419311895592756,0.0009115734238442919,0.0009101320623143838,0.0004817100864835666,0.0004909305740305459,7.348937378637288e-07,6.307825719531479e-07,2.0844450432377926e-07,0.0,0.0,0.0,0.0,0.0,0.0,0.0,0.0,0.0,0.0,0.0,0.0,0.0,0.0,0.0,0.0,0.0,0.0,0.0,0.0
340,0.025279881971734253,0.04187839123033654,0.04299404523861994,0.04329945871488339,0.043639718894631585,0.0440517184274174,0.056569958895949846,0.05797391693611198,0.05874500800886162,0.05974623899723008,0.060774686470160155,0.06214238401786565,0.06381031572357454,0.0655722775893759,0.06733808339745773,0.0688580558249563,0.07052063837677203,0.07217834681892565,0.07483674303226073,0.07626272744749962,0.07776435880396138,0.07885996069206191,0.07869334107832038,0.07824282570951624,0.07751601805518438,0.07542060539734896,0.07207477572995158,0.06752876237831162,0.06140750589059496,0.05372945763588033,0.0464807182890572,0.038872613618766705,0.032144491020778876,0.02690153528434186,0.02189165396260284,0.018277838406115576,0.015397114135038942,0.013401028775768042,0.011783866446897079,0.010458551392211496,0.009530591299877267,0.008807667178337864,0.008177592333741712,0.007463535824288353,0.007289545041745005,0.006931582724589186,0.0067438390296255535,0.006233910321328084,0.006140890196763782,0.005613426318082093,0.0055557411746096075,0.005358528803300233,0.005152811312293393,0.004706965557694842,0.004273673458948468,0.0041070552399252724,0.0038350293118369905,0.0032155981752115537,0.0028196565233178372,0.002424999862852051,0.002254247493514272,0.001995333647770825,0.0016404418724795256,0.0015033317487235728,0.001358705334758556,0.001045426058184265,0.0008872499496992425,0.0007789378904075883,0.0005874674458118123,0.0004315798683957317,0.00017915806105853194,5.826648525028566e-05,5.3005980944792475e-05,4.2401262041580345e-05,4.2430827241757285e-05,4.241741437482904e-05,4.282559658286278e-08,3.65479984054673e-08,3.057873598777405e-08,2.4462988079676506e-08,1.834724017157896e-08,6.140357555750597e-09,6.140357555750597e-09,0.0,0.0,0.0,0.0,0.0,0.0,0.0,0.0,0.0,0.0,0.0,0.0,0.0,0.0,0.0,0.0,0.0
350,0.025279881971734253,0.0411260431401852,0.04210118612736913,0.04229691925765855,0.04248162530356736,0.04283464981387142,0.05534467587821501,0.056556017913053536,0.057266723391817376,0.05833957100753895,0.05931444059054147,0.060443899641107635,0.06142190202885023,0.06250662482512204,0.0638423819080971,0.0656430134273489,0.06757334845485108,0.06947314967358653,0.0728227440904945,0.07521771282070322,0.07725784412465875,0.07824323440154735,0.078706384591813,0.07790894800740022,0.07696355489820261,0.07441723952608625,0.07028920345394107,0.06598225819849679,0.059915575502081264,0.05230260083330518,0.045839386985351505,0.039596384661859885,0.03442536217565351,0.030025316100803834,0.026110384673284748,0.02339830534207321,0.021994508272566715,0.02038457345079453,0.01933637025242152,0.01805062281260439,0.017023514806450535,0.0162923811514763,0.01575782912914314,0.015392727392371242,0.01503519552928495,0.014660289050954955,0.014248847261795095,0.013829888345333552,0.013381939570209667,0.012986436691571845,0.012666331715295742,0.012651317250597094,0.012184224670348742,0.01138002343144906,0.011006320023683736,0.010413081349817999,0.009969003391157971,0.009329637853232542,0.00813753098269171,0.007766955492130828,0.007460807685910564,0.006904781430543197,0.005383170552426625,0.004877076479651674,0.004364253693298764,0.004178783240131503,0.0038165199383231596,0.003584584851129391,0.0030309433601695412,0.002911693387896125,0.0027110131963023476,0.002106413468347501,0.0011265506133954217,0.0010283803716347184,0.0008485423627285771,0.000575476753082782,0.000533346443666094,0.0002931306842250958,0.0003033402272571428,0.00026104001801741106,5.200013220019173e-07,5.200013220019173e-07,3.1200079320115037e-07,3.1200079320115037e-07,2.086672168388759e-07,2.0889038410132343e-07,1.0444519205066172e-07,1.0455701016098828e-07,0.0,0.0,0.0,0.0,0.0,0.0,0.0,0.0,0.0,0.0,0.0,0.0
360,0.025279881971734253,0.041098844262490664,0.04206369007267874,0.042315379466677294,0.04270773157700636,0.04329461049120953,0.05600063503856134,0.05760096877134613,0.058584101315481085,0.059509138168594156,0.06044490916005918,0.06151735186138252,0.06280386282166672,0.06420947231800223,0.06563834231336996,0.06740186775557078,0.06920554125547884,0.0707433212689974,0.0733147621407082,0.07449028957461046,0.07541063546940041,0.07576209123667899,0.07535253247418772,0.07416822725038785,0.07224717303671802,0.06958747404161203,0.06607628533782428,0.06057407195859921,0.05507202237945763,0.04900601648185221,0.04150174628184655,0.035069644525867805,0.029134572250345214,0.02458297059481762,0.021700204578938287,0.019238937020039648,0.01636224241683809,0.014697430729477878,0.013513162727118444,0.012593813976152668,0.01125910436345351,0.010326404638631284,0.009445489328684664,0.008740564844683163,0.008243626800394283,0.00808281423780785,0.007875267997116547,0.007486631206845562,0.0069018720612527285,0.006630712328744459,0.006192233385816925,0.005751001566563829,0.005153226584366677,0.005015004045838156,0.004650968268362754,0.004160695708597673,0.003588220055545266,0.003555554993454779,0.0032101588982599016,0.0029500809983903503,0.0024564565548349515,0.0020767744545379385,0.0017492634758017878,0.0014596558646838287,0.0013721380830313268,0.0009624623896495321,0.0008316359940631415,0.0007894797257646108,0.0006602321781940534,0.0005327780496602041,0.00031605269407725123,0.0003146596264466395,0.0002236696758382839,0.0001337586855938433,8.875255389284575e-05,1.315235635956924e-06,1.3331911077330005e-06,0.0,0.0,0.0,0.0,0.0,0.0,0.0,0.0,0.0,0.0,0.0,0.0,0.0,0.0,0.0,0.0,0.0,0.0,0.0,0.0,0.0,0.0,0.0
370,0.025279881971734253,0.04111865171971918,0.04210308533479046,0.04227851380454317,0.04249260080759942,0.04291909087943968,0.05520806921459176,0.05640521749465699,0.056632508494960376,0.05698029843988617,0.057379340755938424,0.057807647182735566,0.05839547362943587,0.05900677568041246,0.05975365747413952,0.06066433513663361,0.06179302746149551,0.06281935328624244,0.06548274596321191,0.06714592589480484,0.06852389237945333,0.07004412612101785,0.07219074973336981,0.0735266193151225,0.07416857835282809,0.07516261531320434,0.07454578100198761,0.0727981597418843,0.0705596809299942,0.06657029173927809,0.06164821142717858,0.0561165382636446,0.0495566319623022,0.043967275533594696,0.03817194590520012,0.033826040830897464,0.029561668863774315,0.025645866439116705,0.022574647125628067,0.020091892923820798,0.018145896861188837,0.016800059094879582,0.01570921813487225,0.014941828413136793,0.014492295570654568,0.014316000919113614,0.014307176592574744,0.013412428845131719,0.013261776789827207,0.012936602113081286,0.012425804304687399,0.012329125713869127,0.011952562077669926,0.011362031235362946,0.010896886095426717,0.010085417300154775,0.009710313371382062,0.009402592448118474,0.008487531827099493,0.008001512020945678,0.007481753813993075,0.006850671857609847,0.005732918884250093,0.005281762036789428,0.004257560965816809,0.0031603451973261087,0.0022083624793453605,0.0018751271069528952,0.0013368294182187074,0.0010931396064223914,0.0008785219834291647,0.0007689374900997359,0.0006411054755500467,0.0005571351110746636,0.0005100760228907986,0.00038323842806645136,0.00038226298056542873,0.0002548420161474496,0.0001274210080737248,4.247366450726986e-05,0.0,0.0,0.0,0.0,0.0,0.0,0.0,0.0,0.0,0.0,0.0,0.0,0.0,0.0,0.0,0.0,0.0,0.0,0.0,0.0
380,0.025279881971734253,0.040706251432028884,0.0414904793953117,0.04168733796899482,0.04192829631324946,0.042267281091512565,0.05467803498982682,0.056263990618736326,0.057458719633764144,0.058695463753628774,0.06025113487888789,0.06192326108401791,0.06328709623159656,0.06499909395437498,0.06644312970495103,0.06754461659160826,0.06892926620776585,0.0698345888153844,0.07279646278619656,0.0730976171491351,0.07249025959145627,0.0715833880416974,0.07076600459361226,0.06782144471927709,0.06299834183204145,0.057627038255086305,0.051767491517473285,0.04589167742078226,0.03969947762028858,0.03470426323464881,0.031101126955309866,0.028133526559965594,0.02555848535956895,0.022676423569215176,0.021176645911175074,0.01947571167193507,0.01801701159947705,0.016881539469536966,0.015746698055384256,0.014806161036384297,0.014389688986983076,0.013666764327463166,0.01322079311851844,0.012478931238578295,0.011886463966220673,0.011655705460360086,0.01159917799910748,0.011167757184961352,0.01091613842361712,0.010825357390335924,0.010857482939066035,0.010729382748513316,0.010454768525305358,0.010300644504128154,0.009990398241524812,0.009723594805763791,0.009819415851133328,0.00954915684513391,0.009286293715532856,0.009203115367393766,0.008883435532976602,0.008890565678575962,0.00832320685384827,0.007938070615620754,0.007774947117997685,0.007236004792102957,0.005832304385842146,0.004996298426659163,0.004062492466287537,0.003312487759138172,0.0028718485857002207,0.0023752511612569194,0.0022542333423967165,0.0013749019650064476,0.00040582844078684843,0.00036789006531279256,0.0003301266962805194,4.2531686897495646e-05,3.559325523205814e-08,6.99944435744726e-10,0.0,0.0,0.0,0.0,0.0,0.0,0.0,0.0,0.0,0.0,0.0,0.0,0.0,0.0,0.0,0.0,0.0,0.0,0.0,0.0
390,0.025279881971734253,0.040827023060446166,0.041746615349286254,0.0421140191700744,0.04248534331379372,0.043453052383699786,0.05659416622851543,0.057645998506723695,0.05876223134847747,0.06025707907788891,0.0619924961267575,0.06392487930296875,0.06581037924222688,0.06799769277733714,0.0702237122952778,0.07270511996865725,0.07484236212825679,0.07679605268693135,0.08084520083735502,0.08194919035104364,0.08309850531352558,0.08384739791087559,0.08384179944291792,0.08328885719910595,0.08142273371241293,0.07811881664150211,0.07348933973958527,0.067493992454976,0.06131498729520035,0.05548059961598373,0.05054575251185289,0.04541987392589797,0.04034185037964311,0.035561768248945524,0.031593695954427625,0.028122467601707113,0.025309175688473573,0.02291436482836451,0.021470616477335946,0.020390238111305248,0.018849645650003577,0.01782471038686606,0.016911224085313314,0.016388512822912205,0.015455050761824518,0.014898222961534202,0.01457685764182548,0.014213305160931666,0.013745922997317805,0.013108315855050012,0.012766229984208843,0.012323234937013483,0.011721413176052575,0.011221350174821287,0.010597754660103709,0.01033556874921393,0.009863469725601037,0.009446452136693262,0.008867192197187013,0.008081860905448712,0.007585189255492675,0.007249668702060508,0.006388625840709872,0.0059612289567279875,0.005374347847074551,0.004771939246759074,0.004193683256392834,0.003769609357971486,0.0033391497895546574,0.0026851424511858124,0.0024069202628753117,0.0022065091678596382,0.001600269280443961,0.0011147546697950483,0.0006218286440463072,0.0006270340397290242,0.0006099972867659176,0.0006058522209517747,0.00044644052395614864,0.0004545514241058868,0.0004545454285107553,0.00023148147738538682,0.0,0.0,0.0,0.0,0.0,0.0,0.0,0.0,0.0,0.0,0.0,0.0,0.0,0.0,0.0,0.0,0.0,0.0
400,0.025279881971734253,0.04119449588348467,0.04217230358529678,0.04251095490949064,0.042751243488679425,0.0433615028909502,0.0555927872235531,0.056335874777198924,0.05691123117989605,0.057549920889764516,0.05821575561900616,0.05895846461802701,0.05970193952813707,0.060706783726784286,0.061765620510682906,0.06309904519657072,0.06443970627777995,0.06617226074744842,0.06850798582225881,0.07031922771498622,0.07231504906447639,0.07405932867421194,0.07584389904684619,0.0769614806964396,0.07759210920703796,0.07763859512010973,0.07695953545002632,0.0741537971526598,0.0697844351459529,0.06415407236348125,0.058862743295378106,0.05163604642015551,0.04496705536637802,0.03959605849368297,0.034313852112379584,0.030486907573950006,0.02749457211278361,0.02571786047355451,0.023961850327263945,0.022771828275051198,0.021403543346510956,0.02024998496279029,0.01935118268732866,0.018700237915903972,0.018158633607622654,0.01797405896859028,0.017582843211561172,0.017441849084830208,0.017125400924396794,0.017145676883949412,0.01671793630486429,0.01609755520158823,0.015779004382356798,0.015288971449454625,0.014827867230691294,0.014462359891268123,0.013949632988835725,0.013371343833826307,0.011429377180515815,0.010663513080844997,0.009634624924448332,0.00870723671696716,0.007752955648451021,0.006738202286115325,0.005594736958759228,0.00457563451649623,0.0041495432500622265,0.0035094694847725982,0.0031309417803968564,0.0024041156168794764,0.0018128482387458345,0.001604878796910958,0.0013110162738376174,0.0011000676646752972,0.0010582512304515568,0.0008900864794716412,0.0007206056859558885,0.0005938290454423623,0.0004237316536546132,0.0003388855866433005,0.0002120257223907629,0.00016947883349160975,1.0225785729289782e-07,1.0247244830452473e-07,0.0,0.0,0.0,0.0,0.0,0.0,0.0,0.0,0.0,0.0,0.0,0.0,0.0,0.0,0.0,0.0
410,0.025279881971734253,0.040665312653772934,0.04146171426371548,0.04171548089747201,0.04192464114409078,0.042623157901392705,0.05568254004296702,0.056609750933770187,0.05724358855692224,0.058531502327853646,0.0601848512199501,0.062275293077015625,0.06437257046636358,0.06633828837463995,0.06857240392048003,0.07020144283463381,0.07230993437878475,0.07463601298996592,0.077093897793302,0.07732494122630107,0.0769810971732654,0.07477644740241951,0.07238991057726762,0.06924864634562633,0.06603916884671923,0.06030008584687363,0.055412372995404136,0.049339379111733805,0.0442288048775199,0.03895875123954817,0.03447916745169022,0.030703492580397507,0.028400171775416094,0.026248648491999482,0.024168457638340413,0.02265820820396436,0.021333037319230308,0.020305231901737386,0.01956736786977198,0.018750593023591278,0.018157532628508832,0.01787229113968225,0.017911810981443732,0.017322682841199977,0.01713261706923841,0.016962705948299406,0.017078548682533556,0.016817108928180946,0.016832509261598017,0.016775495797876905,0.01633729510106846,0.016017164802842987,0.015678210113721947,0.015447966712806044,0.015090719361130545,0.014523095400036046,0.013814598861496052,0.012965224758085314,0.011951459680321685,0.010842648223487905,0.01015653688146212,0.00956192657599153,0.008985346194579386,0.007787384238536338,0.0066737472822351596,0.005532160394306762,0.004691437776519841,0.004259694674167966,0.0035700485259405335,0.002661231098421618,0.001793280830598501,0.0013398271903077574,0.0010266338048414009,0.0006226013025760757,0.0003109160371663755,0.0001776495074650164,0.00013076540017209481,4.457321688278171e-05,2.0487325400608825e-06,0.0,0.0,0.0,0.0,0.0,0.0,0.0,0.0,0.0,0.0,0.0,0.0,0.0,0.0,0.0,0.0,0.0,0.0,0.0,0.0,0.0
420,0.025279881971734253,0.04053843195207141,0.04130476165474373,0.04151378790073945,0.041719038493353455,0.042207377423022496,0.0537711933216225,0.054640439339914915,0.05506063821377172,0.055356619156373243,0.05582263601158011,0.05635711891252404,0.05684806805990816,0.057671978178419625,0.05842431624124189,0.059447923336481745,0.06044933388120999,0.06126952625381232,0.06341131272211631,0.06446591151901049,0.0657614968068021,0.06659245777045797,0.06689886420318603,0.06729999207075976,0.06701154157175648,0.0657346937676786,0.06380352850651816,0.06065713883517532,0.05622284212674589,0.05047280918454522,0.04495163276788405,0.039011304769791755,0.033505563225329826,0.028907116124922583,0.02549743344752864,0.022482473840451433,0.020354955049733947,0.01877572163084651,0.017922681882213687,0.016804620301068995,0.015821363247710662,0.015207868673571268,0.01499426277206728,0.01488688496856927,0.014750399341040943,0.014736923239893063,0.014639760489044806,0.014478317305879562,0.014519270937307871,0.014227333328150737,0.014346637875136903,0.014236218997932482,0.014087646178259972,0.014149155820373793,0.013866396710271178,0.01341461258437554,0.012737507719551788,0.012261221922147958,0.01141233052492685,0.010417476803845749,0.009756304074824529,0.009139904055055492,0.008516492669409903,0.007596552723593886,0.006696373875772599,0.0055647124676876936,0.004870710649806043,0.003977518390365087,0.0029483816365351023,0.0023729868217788885,0.001750388390230312,0.0012529991391673212,0.0009362958188178921,0.0007224850551182521,0.0005527862505397135,0.00034037573734149035,0.000127649578626432,8.511133155764128e-05,4.259482357937827e-05,4.261695964302703e-05,0.0,0.0,0.0,0.0,0.0,0.0,0.0,0.0,0.0,0.0,0.0,0.0,0.0,0.0,0.0,0.0,0.0,0.0,0.0,0.0
430,0.025279882146357235,0.041034169878180426,0.04182170922573791,0.041900075103421086,0.04207612707100061,0.042724511109452745,0.054877826402448315,0.05600614260953196,0.05692205020880858,0.05800756791526229,0.05917409452672984,0.060699412556638244,0.06237714091152302,0.06413995973438213,0.0662187249915871,0.06810499388554958,0.06995763034666114,0.07192393182870371,0.07387975239558608,0.07502404091196846,0.07499371612412276,0.0738348844831076,0.07283572351788936,0.0694174400457479,0.06558424837052845,0.062251045919687664,0.05792871379965536,0.053083880029578645,0.04787965575322972,0.04253617524671405,0.03690528204665244,0.03219669912390988,0.02828870331829514,0.024811318598458587,0.022184719232839878,0.01979870376857107,0.01746012712329517,0.016536601819647195,0.01580292852193116,0.015201619169245978,0.014454684413975405,0.01399479565862452,0.013770349255077113,0.013076836972922223,0.012571386636213822,0.012406580631153463,0.011851603127410432,0.011416203240099815,0.011073423653422593,0.010555809240432423,0.0102881656237499,0.009758798277330394,0.009140327472574816,0.008646219427116603,0.007873611013955617,0.007266982223680052,0.0066566977246906855,0.006343924659770461,0.0055927344908059395,0.005200484978132192,0.005014247818039053,0.004081825516377979,0.0037127955892154174,0.0028851069043446254,0.0024810504432703495,0.0016844850015593493,0.0010370618653032238,0.0007900518178506621,0.0006745092380633366,0.0006240915923834134,0.0004378928495995804,0.0003556110388093503,0.0002927199572306527,0.00029315688555789365,8.393136940487711e-05,1.8881828389716304e-07,9.926109886815304e-08,6.696723731103305e-10,6.696723731103305e-10,6.087930715104051e-10,5.480886855480094e-10,4.871899550451531e-10,4.262911690311455e-10,3.653924385282892e-10,3.653924385282892e-10,2.4359497752257653e-10,1.2179748876128826e-10,1.2179748876128826e-10,1.2179748876128826e-10,1.2179748876128826e-10,6.089874438064413e-11,6.089874438064413e-11,6.089874438064413e-11,6.089874438064413e-11,0.0,0.0,0.0,0.0,0.0,0.0
440,0.025279881971734253,0.040753512125284885,0.04152244157966056,0.041641913957114474,0.041688785330471934,0.04192800308969957,0.05217687024871642,0.054268634064604804,0.054726829789403464,0.055336645395330564,0.055984046014282196,0.05659957901458634,0.05740089842077101,0.05796031884428232,0.058919738775581765,0.05963386691376216,0.06094598973798093,0.06240001484238622,0.06491474954685805,0.06643265804277143,0.06787335278944262,0.06923560757900016,0.07006848308262592,0.07091238315908432,0.0713837182368171,0.07089860872227272,0.06894582494171964,0.06593806490071064,0.061462832604371354,0.05500684805699785,0.04767114893512425,0.03987349658472583,0.03275609681765146,0.026936508014296034,0.020724745524105526,0.016760958336506704,0.013630988917553877,0.011397941424411306,0.009980528613433237,0.008857921269010638,0.007885294859328318,0.006966907107602727,0.006259416305355592,0.005791330299918296,0.005246754556488209,0.004909254964425291,0.004685696302531517,0.00426950504684645,0.004043727068359815,0.003678421074259225,0.0035991082273171965,0.0035734188213085716,0.0035615772022603576,0.0037048190586798646,0.003618386506917093,0.0033888796529402687,0.003258398307078858,0.0032321976753056925,0.002551705015479855,0.002473692274352568,0.0022121570350944753,0.002162398537645882,0.0019910003199032356,0.001603191722224076,0.0014936451589686595,0.00142231202747517,0.001199455241431155,0.0011771527608781668,0.0010863166516135447,0.000990002364289505,0.0009011796292616447,0.0006497136918376945,0.0005618809080656095,0.00038326122148807373,0.000336435256401979,0.00029482522214446805,0.00021091583527212132,0.00012662882972214184,4.226127850104344e-05,2.8301357563043084e-08,2.235720053533896e-08,1.1240360642261749e-08,0.0,0.0,0.0,0.0,0.0,0.0,0.0,0.0,0.0,0.0,0.0,0.0,0.0,0.0,0.0,0.0,0.0,0.0
450,0.025279881971734253,0.04054193383783955,0.04126934684028005,0.04149847031137488,0.0417460934296916,0.04218604558384853,0.05255216135776131,0.05503029596566744,0.055784973318772746,0.05647248282867423,0.05745094884128865,0.05861657326423364,0.05983947141416324,0.06111623095893948,0.06247076503965632,0.06370880250654665,0.06478559702844788,0.0658394501164774,0.06676994744826081,0.06729860224735984,0.06677430761329117,0.0653172481649893,0.0623027914363401,0.05920621014996197,0.05511449885041264,0.05005843941019372,0.044648952977999645,0.04031168123448836,0.036201712661525054,0.03232709558232916,0.02803608418196535,0.024451252265795143,0.020852110301943227,0.018264847093866332,0.016152313174516264,0.014370993896089646,0.013008550843205069,0.012020930563612253,0.011475171897062764,0.010923549162925483,0.01041031235460843,0.010183999985993397,0.009938574236813436,0.009367199942171778,0.00932934886205361,0.008992786375035228,0.008874361031692257,0.008809237577495369,0.008653225636010384,0.008535333395900069,0.008500337933069368,0.008359928562746921,0.008290216094392566,0.008127417523329683,0.007947375819201574,0.007958465699103912,0.007741538268856041,0.007493251359758313,0.007336149934026315,0.007248548512296199,0.006916122335339253,0.00672902047449056,0.006604699277123052,0.006306666133495245,0.005940939512861662,0.0055701106123861935,0.0052367440909016905,0.004790725250260086,0.004504664660109348,0.0042118186415356085,0.003556678134845198,0.0031207608184069535,0.002599625223342339,0.0023381183412505002,0.0019233100141439474,0.001626304048203353,0.0011881177912691498,0.0007232771243366187,0.00026483511915031954,0.00018034455656490422,0.00018030800856649876,5.318017429090105e-05,5.318017429090105e-05,5.318017429090105e-05,0.0,0.0,0.0,0.0,0.0,0.0,0.0,0.0,0.0,0.0,0.0,0.0,0.0,0.0,0.0,0.0
460,0.025279881971734253,0.04124770021716562,0.04204672397615272,0.042257872502486915,0.04253211792168132,0.042927427339790825,0.05539005156325949,0.05675207686277117,0.057191776976654785,0.05794543715773082,0.058742209654645716,0.05971971587701441,0.060406081977794956,0.06130718383969458,0.06243458702478577,0.06351111819431865,0.06457895476725484,0.06617065264177202,0.06858397459222565,0.07022552129283666,0.07158227917527205,0.07275927481344246,0.07332675014159507,0.07364770147326771,0.0729405057038961,0.07087557126239874,0.0678657810994987,0.06311410831500441,0.05778587991952122,0.051789161886679924,0.0457157421281158,0.03888828263770849,0.03399494566919703,0.029647210766813203,0.026454918971970054,0.02391702546961838,0.021911534058177973,0.020464005678481,0.018728708437071806,0.01748834095981805,0.016577062493270678,0.01569127311288593,0.014964171672741222,0.01431517623438483,0.013583760400401823,0.013269021373314982,0.013000131646167756,0.012385158128242535,0.011722888195389969,0.011352688525654742,0.010656897063862747,0.010409659316461095,0.010246903596715873,0.009863673902519743,0.009606752231545723,0.00922646751005396,0.008807533678917512,0.008321580406742912,0.007821714502745825,0.007433700487141454,0.006874646136783263,0.006307585257437687,0.006051305430342435,0.005919698904050308,0.005286847288738322,0.005162555415095582,0.004625821180378742,0.004321363563317082,0.004353134072213771,0.003976344906351487,0.00355800149542268,0.0033053321608458586,0.00285802028484311,0.002375476088389755,0.001706181802344553,0.001373649622880141,0.0011273066192331593,0.001008355903788366,0.0005916159716434777,0.0004653130017686635,0.00021172086417209357,0.00012722646351903677,0.0,0.0,0.0,0.0,0.0,0.0,0.0,0.0,0.0,0.0,0.0,0.0,0.0,0.0,0.0,0.0,0.0,0.0
470,0.025279881971734253,0.040077337712580485,0.041038407885735206,0.0412186152284304,0.04152282486431025,0.04223274803348409,0.05177253219491784,0.05398749046482876,0.05507694059834001,0.05625524769259438,0.05759571429816601,0.05925969471003256,0.06078783643910857,0.06233490586245627,0.06372820007368807,0.06500900244330432,0.06566776104180794,0.06567515099240784,0.06628881254656172,0.06543246066727892,0.06434935215760351,0.06252695105160333,0.05825640416879296,0.05318661565832583,0.04746017518024148,0.042395719314933134,0.03692192180873999,0.033363511717007244,0.029298468682555256,0.025765424060926856,0.02338034996737859,0.020981768057542816,0.01882658352237976,0.01700547504101102,0.01583647050666559,0.014632037594630276,0.01316357546197422,0.012271881683027064,0.011499263599527576,0.010980832378044314,0.010063448921813822,0.009532851182885105,0.008934697642836623,0.008610039761836358,0.008427932654157116,0.008230189916231284,0.008173042983127765,0.007966388614334408,0.0075021746965836245,0.007342630797124494,0.007336257148465336,0.0071949734240936425,0.006902153850876669,0.007149585973533268,0.006979233724532186,0.00695392771394826,0.0066410669068290296,0.006070096821691656,0.00594490225672728,0.0053879189416931594,0.004507056034371765,0.003708174157650651,0.003006873980336472,0.002759182879204791,0.0026653682392740186,0.0024180891006515826,0.0018921443531855486,0.0015950528220841365,0.0012197951874531598,0.0008228325477717402,0.0005442230121510128,0.00033563980766365686,0.0002525402448617653,0.0002115570357366925,0.00016976871061033516,0.0001279214156133801,8.565501159212008e-05,1.1379634479169454e-06,1.141467500298532e-06,1.034254584419969e-06,8.319383939525693e-07,7.288102781277672e-07,6.26916346613271e-07,2.09966487085822e-07,1.4611033494205117e-09,1.4002240478205863e-09,1.2784654446207355e-09,1.2784654446207355e-09,1.2784654446207355e-09,1.2784654446207355e-09,1.2175861430208101e-09,1.2175861430208101e-09,1.0958275398209594e-09,1.034948238221034e-09,9.740689366211086e-10,9.740689366211086e-10,8.523103334212578e-10,7.914310318213325e-10,6.698862020648733e-10,6.698862020648733e-10
480,0.025279881971734253,0.040300164897017265,0.0412864610776027,0.04174932779672136,0.04218309593853087,0.04287212844980859,0.05565597616596296,0.057211329603427785,0.05800675009781031,0.05900330017799904,0.060034529798296266,0.06127875636053859,0.06268672519048613,0.06440382377642928,0.06622610540307994,0.06801906362689025,0.06985583838576126,0.07161775435971385,0.07465102442500537,0.07603875342164335,0.07677650613196607,0.0765920950283876,0.07520199787038306,0.07314826143532538,0.07021858685923155,0.06641650722411385,0.06541352166883008,0.059803131285671274,0.05336312328701309,0.04749786418869406,0.04075425340595473,0.034920712206682136,0.03011171121026779,0.02641062685212825,0.02379163670146689,0.021571487415532165,0.019513436570759324,0.01733357420352455,0.016143833941325125,0.015204306047278904,0.014537540279454197,0.01329910637875173,0.012084294919906015,0.011376254585460766,0.010886263384821238,0.010330638737325482,0.009591068862854796,0.008642225290285466,0.008330133354548408,0.007947282841481718,0.007525888399714631,0.007368402717753297,0.00671845570829499,0.006062107261979421,0.00574807363991503,0.005483352961937693,0.005072630372676468,0.004545163751540571,0.003976015752203299,0.0035212652516222187,0.003172398540306487,0.002660286891322028,0.0023327149285379267,0.0021379249256103516,0.0020016047003682536,0.0017565095860159474,0.00126123675315154,0.0009390202657794458,0.0007123742426466961,0.0006603888601902919,0.00046533892986599934,0.0003859532159998236,0.00027555323259242925,0.00023151140169236362,0.00017257063748860046,0.0001249977821599635,8.342298843899698e-05,8.357823318760893e-05,4.182219759485406e-05,1.8165225768029813e-08,1.2110151104138822e-08,1.2134225180204794e-08,1.2158397844075353e-08,6.115747019919127e-09,6.115747019919127e-09,6.12802741883911e-09,0.0,0.0,0.0,0.0,0.0,0.0,0.0,0.0,0.0,0.0,0.0,0.0,0.0,0.0
490,0.025279881971734253,0.04133597118963872,0.04219818384894003,0.04237545584609359,0.04256915966469621,0.04308787498713462,0.0551365058899127,0.05662486734046279,0.05742454127793417,0.05858152027509478,0.06012663067450541,0.06191949010324471,0.06330072336473158,0.06486113458499809,0.06612103360154786,0.0677776023424781,0.06926115373047148,0.0708294392399651,0.07296969013401133,0.07368129182557359,0.0731366140793881,0.07202951333831664,0.07001728383465577,0.06628424667912047,0.06219766498945112,0.056805606357066996,0.04997557941709707,0.04352278456095515,0.03766498753896008,0.03269961229808427,0.02854925507561945,0.025058861908955565,0.022330304842599236,0.020703861366772047,0.019128259924381164,0.018066978243908627,0.016568708055650416,0.015563137149219641,0.014918768650481584,0.014283161927584165,0.013281522708853744,0.012522702764813154,0.012022388332136258,0.011633722456241613,0.011165390753053506,0.010989254904029466,0.010849839265062111,0.010667226790952167,0.0106587786651261,0.010762298607643994,0.010570016696340945,0.010484412443473201,0.010408228780558249,0.01024473899341971,0.010444990162142176,0.01010137018147872,0.01018401609899211,0.009839312983988657,0.009393925694315075,0.008902470090174974,0.008494516228586269,0.007659391514208247,0.006794905049272659,0.0064997672325750044,0.0057555178995610246,0.005436767121291125,0.005019822466235516,0.004018466524691483,0.0032817282811822557,0.002732199409555963,0.002408973262630343,0.0020849788819740367,0.001730427107058452,0.001381585146219999,0.000787964417322401,0.00032576008352835917,0.000196562219358265,6.437523238247977e-05,1.931421777490172e-05,1.201923078042455e-05,7.57025190978311e-06,4.57763690064894e-06,1.5439724165844382e-06,0.0,0.0,0.0,0.0,0.0,0.0,0.0,0.0,0.0,0.0,0.0,0.0,0.0,0.0,0.0,0.0,0.0
